Record type	Identity	Value
tranche	TR-WP01-PER-GRAPH-001	WP-01
package	WP-01	TR-WP01-PER-GRAPH-001
parent-ac	AC-PER-001	TR-WP01-PER-GRAPH-001
parent-ac	AC-PER-002	TR-WP01-PER-GRAPH-001
obligation	DO-PER-003A	TR-WP01-PER-GRAPH-001	sha256:4029364323e8444f79b59f77f18593f20425fbe04f7dff8b46c51b91e9c07a6f
obligation	DO-PER-003B	TR-WP01-PER-GRAPH-001	sha256:89b0fd54d950cc61406ec00990c8541e51d628af9cda830f704d882fb7c39984
obligation	DO-PER-003C	TR-WP01-PER-GRAPH-001	sha256:da9480b90179f37d74753de2509bf503885bbb41fe2a5ea601ba34b988bd59b0
obligation	DO-PER-003D	TR-WP01-PER-GRAPH-001	sha256:cc91a8b2c39f1c077805105e0c9238f96efa7a6bdbaa6777e54b7f51362f5903
obligation	DO-PER-003E	TR-WP01-PER-GRAPH-001	sha256:cdfcfa412bf397015ee47c54f986cb479d6b6cfeb0ca12a4cd9aa151378508d9
obligation	DO-PER-003F	TR-WP01-PER-GRAPH-001	sha256:ec5bd0bdec9ee4a4488f8c0af6f635d6916b77a69ac8a1706b78891730977fa1
obligation	DO-PER-003G	TR-WP01-PER-GRAPH-001	sha256:a6d3838ec4d3893f49ca25aa9200d6b67497ffb63fee7d6d70dd690d96c4c263
obligation	DO-PER-003H	TR-WP01-PER-GRAPH-001	sha256:67eee42d66b0db1435cbc314d9eb0cf8420623accd9c828463cd87e9841615d7
obligation	DO-PER-004A	TR-WP01-PER-GRAPH-001	sha256:41ba81e0c101cb61539457afb86f4c61ee052e507494e3d739414c9ffc7655eb
obligation	DO-PER-004B	TR-WP01-PER-GRAPH-001	sha256:661b006c61a10c8a9b0d3d4491f64d4ea948cef9ca78a4a13473381116aea2f4
obligation	DO-PER-004C	TR-WP01-PER-GRAPH-001	sha256:379ea385a28f9d591fe950ebb522e012b4e6ee809eda0ee09ff834f46a724046
obligation	DO-PER-004D	TR-WP01-PER-GRAPH-001	sha256:474c0d9d6df32f6890e15cda7bceac0a73e89cc76953aec8183e03c756d83b36
obligation	DO-PER-004E	TR-WP01-PER-GRAPH-001	sha256:8e9a8aa18a2929ec552325a1873bc9a0017568ba999f67a7b54b247dc68a8f0a
obligation	DO-PER-004F	TR-WP01-PER-GRAPH-001	sha256:7ca16e191fe2fe1e93b894027742fff78374721bf33c14923f12700dbcabf1f7
obligation	DO-PER-004G	TR-WP01-PER-GRAPH-001	sha256:69ff1508f115f2ef5ef801c3c09d5402dbca16ab700ce9730ba1ef6664e99f29
obligation	DO-PER-004H	TR-WP01-PER-GRAPH-001	sha256:1c17a1ae703fb67f5bdd672005e7a673dc0443e685479c3f648c01f1646fb895
definition	SD-CMD-AGT-001@1	contracts/finite-conversation.md#sd-cmd-agt-001--resetagentthreadrequested	sha256:e24d4508b6b4c5ff642d1fdbb87bb92db176cf64813631980d16418846a1fc34
definition	SD-CMD-AGT-002@1	contracts/finite-conversation.md#sd-cmd-agt-002--compactagentthreadrequested	sha256:13726bb1ec4413fad7fbdf8698be13bc16e6b3253bf2a86905d0b7f78108bf6e
definition	SD-CMD-ART-001@1	contracts/camera-observation.md#sd-cmd-art-001--requestartifactdeletion	sha256:3d5b570996acfbc82f97f69dbf6cfce7fceeafe00bc833b5aa83be7bd624b61e
definition	SD-CMD-CAM-001@1	contracts/camera-observation.md#sd-cmd-cam-001--startcameraobservation	sha256:200dbbc77ec60575c1dcb81b8b0699d025bf2edc50bebd86515f6a0ae6420b8f
definition	SD-CMD-CFG-001@1	contracts/configuration-application.md#sd-cmd-cfg-001--updateconfiguration	sha256:a2796bc3556bc466283a9bb1cc365ee98e9e3232542682e2069048198f7c5ece
definition	SD-CMD-CFG-002@1	contracts/configuration-application.md#sd-cmd-cfg-002--cancelconfigurationapplication	sha256:5a21f6a5b306dce2bdb7d914eaa767f16f6c439f7e70f6f2f880f03bb5fb9c70
definition	SD-CMD-CFG-003@1	contracts/configuration-application.md#sd-cmd-cfg-003--revertconfiguration	sha256:eb729e90545b3486387b01da6f33fc28ea2c38866343b337d13e050c913629ce
definition	SD-CMD-CNV-001@1	contracts/finite-conversation.md#sd-cmd-cnv-001--startfiniteconversation	sha256:d70699cc65e9cbd56288d3325418b90d249607a2e8406ce4fd189bf6a7e7bc00
definition	SD-CMD-DEX-001@1	contracts/camera-observation.md#sd-cmd-dex-001--opendevicetestwindow	sha256:ba6bf036ea752de33cc6e0e0a441103d37d854dabdebcb935cb2d470da95fff3
definition	SD-CMD-EXE-001@3	contracts/execution-revision-3.md#sd-cmd-exe-001--cancelexecutionrequestedr3	sha256:dd54943d80f716b88f0b41c42c61c12dbe7114863d8897467a8914ded9774e7d
definition	SD-CMD-EXE-002@3	contracts/execution-revision-3.md#sd-cmd-exe-002--advanceexecutionmigrationr3	sha256:dfbd55c8fd261bcdc534561fbb32d35dee391bdf5c5b2febcb9e68af64cdd2c2
definition	SD-CMD-INT-001@1	contracts/camera-observation.md#sd-cmd-int-001--cancelrequested	sha256:e7346f323abb3f7d91d0ab35bdc04c5c078f8d48caae95185d1b1fa102e7b6fd
definition	SD-CMD-INT-002@1	contracts/finite-conversation.md#sd-cmd-int-002--submitinteraction	sha256:bbd5f95d9e812945dc097c77042d84437de8a548fabfac40ab6f50a0fbb2ff37
definition	SD-CMD-MEM-001@1	contracts/finite-conversation.md#sd-cmd-mem-001--memorizerequested	sha256:7e7795209ef73ca484fe40b01601411c2dcc5e7f8bbb933898bd53184e136936
definition	SD-CMD-MEM-002@1	contracts/finite-conversation.md#sd-cmd-mem-002--deletememoryrecordrequested	sha256:097791985f1dbf1f75b4cc34f28c503fddd2f439703f68f3e155b5037d9a9810
definition	SD-CMD-MEM-003@1	contracts/finite-conversation.md#sd-cmd-mem-003--resetsemanticmemoryrequested	sha256:29c3a72c79b8608a8c2f9e6e94499b4e702e8281807d4986e2adfd62f8222b12
definition	SD-CMD-MEM-004@1	contracts/finite-conversation.md#sd-cmd-mem-004--recallrequested	sha256:b61d82de1e2bfeca31392b79f059e623a2a1eb3a49eb91ad4d749b33d605a8aa
definition	SD-CMD-QLI-001@1	contracts/finite-conversation.md#sd-cmd-qli-001--returntohomerequested	sha256:b31c81087981ca3096e0b681da738e07bc61d8ac5aebd63aa8f2fe71a3bad809
definition	SD-CMD-RCP-001@1	contracts/runtime-binding.md#sd-cmd-rcp-001--provisionruntimecandidateprobeprofileseed	sha256:5cffb0e3339edf29a18802aafb5e22706fec2f23914692f5ea349075db120610
definition	SD-CMD-RCP-002@1	contracts/runtime-binding.md#sd-cmd-rcp-002--administerruntimecandidateprobeprofile	sha256:b6a5e3209ae0bd205f9c096adf797601e2edfc0f93dc98397791c7f58ecd77da
definition	SD-CTX-ACO-001@1	contracts/acoustic-interaction.md#sd-ctx-aco-001--acoustic-context	sha256:092d2ae52e78122474f9de8970aa7ebbe8958a69025abe2158cb1fb69cdb8f5c
definition	SD-CTX-AGT-001@1	contracts/finite-conversation.md#sd-ctx-agt-001--agent-session-context	sha256:e52496b49f5cd4bace5b67bbe51d92399649c3d6e7174a56f6ca10a8d9d0bf0b
definition	SD-CTX-ART-001@1	contracts/camera-observation.md#sd-ctx-art-001--artifact-context	sha256:3119a619b201a7bb8d6ac3449341bf850911062b2d6e95da1b373a0554b461e7
definition	SD-CTX-AUT-001@1	contracts/configuration-application.md#sd-ctx-aut-001--authorization-policy-context	sha256:636263cd90816995c41a6ce914e76f397c36f14fe082ff0a4883aa8aab30054c
definition	SD-CTX-BRP-001@1	contracts/routing-policy.md#sd-ctx-brp-001--behavior-routing-policy-context	sha256:c3be5688072890efe9ffb179448a48ce4849cd1dfa4ee688cc321d1bad3011f4
definition	SD-CTX-CFG-001@1	contracts/configuration-application.md#sd-ctx-cfg-001--configuration-context	sha256:6490a7c77ba0d64c9718b6e34f3d2ea9c68f241fcde8c7ef3c7da39ceac91050
definition	SD-CTX-CNV-001@1	contracts/finite-conversation.md#sd-ctx-cnv-001--conversation-context	sha256:55707406f3d64e0151fc9c96cb908615bda9ed5f5b89a25c6333cde65a8e00a4
definition	SD-CTX-DAT-001@1	contracts/camera-observation.md#sd-ctx-dat-001--data-classification-policy-context	sha256:e669e52dc27862a9a993558c42abf5e836cdf0fa0f02ad8e32af9f6057992c34
definition	SD-CTX-DEV-001@1	contracts/runtime-binding.md#sd-ctx-dev-001--device-runtime-context	sha256:0b19a6315c795ab84226bf10d7863861b15af8e265a7a61863264ce2d3b0a2cd
definition	SD-CTX-DEX-001@1	contracts/camera-observation.md#sd-ctx-dex-001--device-test-exclusion-context	sha256:4187c7c0635473e4f148b35cb61b8151e4319daca81f41a80395ad024a04d64a
definition	SD-CTX-DPF-001@1	contracts/runtime-binding.md#sd-ctx-dpf-001--physical-capability-profile-context	sha256:b0a42246d8e1ec5a835fa4bbc6d3e720c1a841265e2d62cd2d92cfdcfb3ff235
definition	SD-CTX-EXE-001@1	contracts/execution.md#sd-ctx-exe-001--execution-context	sha256:521e3d3c930f09469bfd247de7afd919db019f503994b33f99a79df3671b9652
definition	SD-CTX-INT-001@1	contracts/finite-conversation.md#sd-ctx-int-001--interaction-context	sha256:ab59372edbb0e2b3b6946b9be2f26c8aa4f9ad9dd5af6282f85139df614a294a
definition	SD-CTX-IRP-001@1	contracts/routing-policy.md#sd-ctx-irp-001--inference-routing-policy-context	sha256:63794413d169606740a3a4ec333a5e6ed2c8fc08ddb2d412af28d16f38e6a458
definition	SD-CTX-MBP-001@1	contracts/runtime-binding.md#sd-ctx-mbp-001--memory-provider-runtime-context	sha256:3eb9f12a08fb3185c1f706923f4aefa045f3e64acca3520ceb55bd93128c3a5f
definition	SD-CTX-MEM-001@1	contracts/finite-conversation.md#sd-ctx-mem-001--memory-context	sha256:02968fa206680b12948b42eb361cf498d04820c7365a2b992460a0aeb2208abf
definition	SD-CTX-MIG-001@1	contracts/migration-and-restart.md#sd-ctx-mig-001--workspace-migration-context	sha256:628e86af73e3db4989f60038467e906b87ae8f1325edd150e3ce8212f996e3fe
definition	SD-CTX-NOT-001@1	contracts/finite-conversation.md#sd-ctx-not-001--notification-policy-context	sha256:411d5fbca0914c42db0fd97ba749241c356509f65a254b5d39f34f34bc9f1d5a
definition	SD-CTX-PAP-001@1	contracts/camera-observation.md#sd-ctx-pap-001--physical-action-policy-context	sha256:96c8615f880f17cfdd765d859f6f4ab2351756c8dd8e2a19edb9419ec3eeb559
definition	SD-CTX-PHY-001@1	contracts/camera-observation.md#sd-ctx-phy-001--physical-observation-context	sha256:256504e6291841110ceca323d1a16a82b2c67890fb23a6978d04e8c352e4f330
definition	SD-CTX-PRV-001@1	contracts/runtime-binding.md#sd-ctx-prv-001--inference-provider-runtime-context	sha256:bb7ffa77d331ff2da4a28713cc496fea3949c10b76431c9db949d64bf9dc1bc5
definition	SD-CTX-QLI-001@1	contracts/finite-conversation.md#sd-ctx-qli-001--qualia-context	sha256:f9c9ff5c83cb9646f415b2de3b81005c900814011de4a703d96cdbc7838a9024
definition	SD-CTX-QPR-001@1	contracts/runtime-binding.md#sd-ctx-qpr-001--quality-profile-context	sha256:5fd1ffa4b96470548639eebff4ced880d47c967c4d99549a3f841a68b7ec25d8
definition	SD-CTX-RCP-001@1	contracts/runtime-binding.md#sd-ctx-rcp-001--runtime-candidate-probe-profile-context	sha256:54f707e66a3da6ee15fd595e245a0c69bd4b694338a217b2af7b35c202f6a536
definition	SD-CTX-RST-001@1	contracts/migration-and-restart.md#sd-ctx-rst-001--runtime-control-context	sha256:5bbe89c8ccb84e48a5ff32a4cb4dee14eeedb4c66cc0866becfd6bd08e247a44
definition	SD-CTX-SBR-001@1	contracts/runtime-binding.md#sd-ctx-sbr-001--sbert-runtime-context	sha256:a716510c90e6de794363d4fbe48841d66d4770701ee77a642a9fc2797d59b2f7
definition	SD-CTX-SRC-001@1	contracts/runtime-binding.md#sd-ctx-src-001--source-runtime-context	sha256:a962157b06a46ce283acc7f3b4da8c3f9b522ef01b1778dabec0c05dfa36f1b6
definition	SD-CTX-STT-001@1	contracts/runtime-binding.md#sd-ctx-stt-001--stt-runtime-context	sha256:490cf1b8e07c964c9a2bad49e9f3dd83993fa9a30bd9db1992cfc47da3a483e5
definition	SD-CTX-TTS-001@1	contracts/runtime-binding.md#sd-ctx-tts-001--tts-runtime-context	sha256:d8e8f70caecda4d6d33ac1d02774c2c7e2e11a7f34b12fe90adb6187fca5cb1b
definition	SD-CTX-WAK-001@1	contracts/runtime-binding.md#sd-ctx-wak-001--wake-runtime-context	sha256:0fb0e2740d97bfb48d8f1c2436da47c0fb47c19864a8260bd71eab64b15b4beb
definition	SD-DEC-CAM-001@1	contracts/camera-observation.md#sd-dec-cam-001--cameraobservationplan	sha256:f3f2e8b85f0bc481dfcd01b1e9b6f351661737b0c6f2c955b9fad9f134a358fe
definition	SD-EFX-ACO-001@1	contracts/acoustic-interaction.md#sd-efx-aco-001--openacousticsourcesession	sha256:1612023670c4c6f4f1077d7fd33428e6d5f4977e8399db27689bb15454baec8b
definition	SD-EFX-ACO-002@1	contracts/acoustic-interaction.md#sd-efx-aco-002--playwakeprompt	sha256:ea290ea40e53270b1780bc46f13db86f1191246417665e0ffbfd5b7721c93ad9
definition	SD-EFX-ACO-003@1	contracts/acoustic-interaction.md#sd-efx-aco-003--awaitacousticguardboundary	sha256:ee6a961034161aee868573ec6ce63987c4a575df6a2033084fbf7a97df79ee5a
definition	SD-EFX-ACO-004@1	contracts/acoustic-interaction.md#sd-efx-aco-004--transcriberetainedacousticspans	sha256:eb5faef8f4e8f383e8e7d38c090acb269296e5a6b47653bc643da8b096123331
definition	SD-EFX-ACO-005@1	contracts/acoustic-interaction.md#sd-efx-aco-005--closeacousticsourcesession	sha256:6a3955680bf6f3d336b256b6005c2523ca9154cc15a84a18d6c2d60abbb961c4
definition	SD-EFX-ACO-006@1	contracts/acoustic-interaction.md#sd-efx-aco-006--queryacousticsourceoperation	sha256:bcb8d39546c72d01f830b8cab85e446be030217b20649d7331be0b1b81dab02c
definition	SD-EFX-ACO-007@1	contracts/acoustic-interaction.md#sd-efx-aco-007--awaitacousticoperationdeadline	sha256:b679487ad99b644e13ab874a5b3e0d3a456c388721a0456284291cfa21580bc8
definition	SD-EFX-ACO-008@1	contracts/acoustic-interaction.md#sd-efx-aco-008--querywakepromptoperation	sha256:46bcb39a6d48f455946322f87a387c5efdcf372a75ec2c1c27332868740c4a1c
definition	SD-EFX-ACO-009@1	contracts/acoustic-interaction.md#sd-efx-aco-009--cancelwakepromptplayback	sha256:c7867c88d16e8ca1af67925bd60ca920e5b36a18655105d16ffaf06302cc33bf
definition	SD-EFX-ACO-010@1	contracts/acoustic-interaction.md#sd-efx-aco-010--cancelacousticsourceoperation	sha256:788ea7c007f004435241a87caeb28842fff3da337afab43fad507902cc7fc64d
definition	SD-EFX-AGT-001@1	contracts/finite-conversation.md#sd-efx-agt-001--requestagentturn	sha256:db554765ee54489dc24e22ad92f78f2bddad18af00a2167de103e6b869185c97
definition	SD-EFX-AGT-002@1	contracts/finite-conversation.md#sd-efx-agt-002--requestinference	sha256:365a98b93a3a8714a4488f6451bd2f77c3107f93f95c0476b6835566412c74c7
definition	SD-EFX-AGT-003@1	contracts/finite-conversation.md#sd-efx-agt-003--cancelagentwork	sha256:b4c821b08bf5ed1c043b3cdeed74b9d3bb11795fd4f23ec8a573609b79707c64
definition	SD-EFX-AGT-004@1	contracts/finite-conversation.md#sd-efx-agt-004--beginfreshexternalcontinuity	sha256:8168366d5cb6cf063e38e6dcad110c9f5c4cf3c9910d7bbaaea3d89ab7dd98b4
definition	SD-EFX-AGT-005@1	contracts/finite-conversation.md#sd-efx-agt-005--compactexternalcontinuity	sha256:2cb04ce51f0dbe20a0c371448d89828d34c338a367e383d004ea5eace1047883
definition	SD-EFX-AGT-006@1	contracts/finite-conversation.md#sd-efx-agt-006--awaitagentdeadline	sha256:83d0acc5e19d6355ae791bc6498677fe3cfe7d7a118c1efc775c70027d814b67
definition	SD-EFX-AGT-007@1	contracts/finite-conversation.md#sd-efx-agt-007--probecodexappserverruntime	sha256:71c39217421454ed34cab5153dc9ebe9545231e9744d4d6b2b4214ab05d21a64
definition	SD-EFX-AGT-008@1	contracts/finite-conversation.md#sd-efx-agt-008--querycodexappserverruntimeoperation	sha256:6fe4c1cacff808b54f85f16c8d0ec50c15c803bb0613309d1b1ba7e800d94e74
definition	SD-EFX-AGT-009@1	contracts/finite-conversation.md#sd-efx-agt-009--queryagentturnoperation	sha256:6d999566e9875bb324943296200cb9c7288e1621ca72feee471e5128127c4179
definition	SD-EFX-AGT-010@1	contracts/finite-conversation.md#sd-efx-agt-010--reconcileagentturnoperation	sha256:d545703297f099bbec27e45e4de81e2b2e21f4fc16fbb5426cc22f016fbc36aa
definition	SD-EFX-AGT-011@1	contracts/finite-conversation.md#sd-efx-agt-011--cancelthreadresetoperation	sha256:39dc7917f83355ce30f4c92ad23f75a8653729b1312a279d5138c8b341ea7f18
definition	SD-EFX-AGT-012@1	contracts/finite-conversation.md#sd-efx-agt-012--querythreadresetoperation	sha256:2524160eb21cb1e0b8817bc48486848a0016f5715016a7b69ae7dbc7a8b84938
definition	SD-EFX-AGT-013@1	contracts/finite-conversation.md#sd-efx-agt-013--reconcilethreadresetoperation	sha256:8c3aedacc707797abad74fe786dbcde365a187aa4071ebc4d6291c56992c2d6f
definition	SD-EFX-ART-001@1	contracts/camera-observation.md#sd-efx-art-001--deleteartifact	sha256:d35d7fd13e3f915432ff44f82929cfff927f91a26f4b6803194f6606e6c144a8
definition	SD-EFX-AUD-001@1	contracts/finite-conversation.md#sd-efx-aud-001--playnonstreamingspeech	sha256:730124b5e1c59978d88838bc5b04498630566a3fef2b3cc855d1c6735a0faf6c
definition	SD-EFX-CAP-001@1	contracts/camera-observation.md#sd-efx-cap-001--captureimage	sha256:b75e192bcd83c78e295842dde35d2b3937123ee4d93e7db31c43fe0820dcbfed
definition	SD-EFX-CFG-001@1	contracts/configuration-application.md#sd-efx-cfg-001--persistuserlayerdocument	sha256:ff918a470625beb918b5a4a8efe752b7ed40446467bad5c424236e395c10e36f
definition	SD-EFX-CFG-002@1	contracts/configuration-application.md#sd-efx-cfg-002--queryconfigurationpersistence	sha256:1bf2ac8c812a267282c9217b7604b2617f519b6abddc084795c687a21a14b535
definition	SD-EFX-CFG-003@1	contracts/configuration-application.md#sd-efx-cfg-003--reconcileconfigurationpersistence	sha256:1e5c5a4506b99251b7fc4ebce8a331f67f191bd6c660d391a512fdb7eefcaf49
definition	SD-EFX-CFG-004@1	contracts/configuration-application.md#sd-efx-cfg-004--cancelconfigurationpersistence	sha256:6e658b73f2704f54225103f8146eb12a052c180491ca1c4b9ef9e20c06e78c0c
definition	SD-EFX-CFG-005@1	contracts/configuration-application.md#sd-efx-cfg-005--awaitconfigurationoperationdeadline	sha256:fc9333f9e8ca19229459325f3f34602642a74c39802fccee70dedd6ab3f46bb7
definition	SD-EFX-DAT-001@1	contracts/finite-conversation.md#sd-efx-dat-001--readauthorizedcontent	sha256:9804e770a33228b2901b046dc21dba19a823dc647892d995ee2f2d0fd300edf2
definition	SD-EFX-DEX-001@1	contracts/camera-observation.md#sd-efx-dex-001--managedevicetestexclusion	sha256:2e47477f9a9c0674e505512d5efcf1d7ee154328b861f35e6cec52489d4f0ae8
definition	SD-EFX-INF-001@1	contracts/camera-observation.md#sd-efx-inf-001--requestimageinterpretation	sha256:7604b7d83a4645c9d5b19b0422252038ec526d94bb84b4cc0c9477a9b870157b
definition	SD-EFX-MEM-001@1	contracts/finite-conversation.md#sd-efx-mem-001--retrievesemanticmemory	sha256:f1e3db846868714de3a3197e110b7de6539a2ca25de9e9a0d55f39eacf6b6fb3
definition	SD-EFX-MEM-002@1	contracts/finite-conversation.md#sd-efx-mem-002--saveconversationmemory	sha256:a1a2f4e2f30ac123e93b8d8cfa0c047fad4110ba7a6abbfa7c29c296d606a257
definition	SD-EFX-MEM-003@1	contracts/finite-conversation.md#sd-efx-mem-003--mutatesemanticmemory	sha256:b233b4a45411f9108f241a05c9c2493e45020a3d7079af7523a926cb841c231f
definition	SD-EFX-MIG-001@1	contracts/migration-and-restart.md#sd-efx-mig-001--executeworkspacemigrationoperation	sha256:6549a9bdae625ba63a991a19c280410f2f7f382fc945b290bc73730b5f7c44bf
definition	SD-EFX-MIG-002@1	contracts/migration-and-restart.md#sd-efx-mig-002--queryworkspacemigrationoperation	sha256:dbc534d9362cff4c0462fae43d72613d4af940213c1f36d20c0f5fa0745fc0b6
definition	SD-EFX-MIG-003@1	contracts/migration-and-restart.md#sd-efx-mig-003--cancelworkspacemigrationoperation	sha256:e55fd76ed41e40dd2b8fc805b2df6fe64fd4be16a2d72303136f780160093dd2
definition	SD-EFX-MIG-004@1	contracts/migration-and-restart.md#sd-efx-mig-004--awaitworkspacemigrationdeadline	sha256:4e1820bd60e263f4dc768d6e2d15192d7bc51c3f686aee2b18f53a197f77e6d0
definition	SD-EFX-MIG-005@1	contracts/migration-and-restart.md#sd-efx-mig-005--reconcileworkspacemigrationoperation	sha256:d12e0f5a69373ba4e881241b329a2e7fa58c9e8f4aa46848792f0e8eaec6f605
definition	SD-EFX-NOT-001@1	contracts/finite-conversation.md#sd-efx-not-001--emitthinkingnotice	sha256:5f01499d58f4809d1b2414d367132e9ac0e47537decbc04f65f1ab5f679a9fe1
definition	SD-EFX-OUT-001@1	contracts/finite-conversation.md#sd-efx-out-001--publishconversationpresentation	sha256:1b2886ae1b50cbacebd13126fb3be6069edc2542471717a32948d8d5fbcce5c4
definition	SD-EFX-PHY-001@1	contracts/camera-observation.md#sd-efx-phy-001--requestrelativemotion	sha256:de6d2e3035e01b5d53a6445bae72a3bca21b507d8bc1e8c15ca7444215a3c842
definition	SD-EFX-RBI-001@1	contracts/runtime-binding.md#sd-efx-rbi-001--materializeruntimebinding	sha256:ab674eba8abf9fa814630bb0b5707407ea43b3759dbebe99bbaa758f0dbb974d
definition	SD-EFX-RBI-002@1	contracts/runtime-binding.md#sd-efx-rbi-002--proberuntimebinding	sha256:1a20d46b1ba80bea5c4579189bb91750e3e28ef525bae565902dc40c63bdb344
definition	SD-EFX-RBI-003@1	contracts/runtime-binding.md#sd-efx-rbi-003--cancelruntimebindingchange	sha256:e49e82d8a709db6d5ec098da9c58ed9f5565b1eeb185813737d3d25319c557e5
definition	SD-EFX-RBI-004@1	contracts/runtime-binding.md#sd-efx-rbi-004--retireruntimebinding	sha256:835387fea294a61b7f8412a458ac1636d31b32a0d80f4d929ada210ca1fc6e02
definition	SD-EFX-RBI-005@1	contracts/runtime-binding.md#sd-efx-rbi-005--queryruntimebindingoperation	sha256:78e6f91a0c3051f7fde0188e4a14aadb06932c74c2f7cbb671e1b405076c6ef6
definition	SD-EFX-RBI-006@1	contracts/runtime-binding.md#sd-efx-rbi-006--reconcileruntimebinding	sha256:74b7eefe19af2accc051894f8ea3eee4652529e46d0edbc608dca98c7c521005
definition	SD-EFX-RBI-007@1	contracts/runtime-binding.md#sd-efx-rbi-007--awaitruntimebindingdeadline	sha256:7fb7387360feaf7efe24445a851ce5f383508f7074569586e5d5d16cef929a39
definition	SD-EFX-RBI-008@1	contracts/runtime-binding.md#sd-efx-rbi-008--cleanupruntimebindingcandidate	sha256:dbb448293b525cfe0444016660bdf194f156cda17fe53588837fe63e500c8390
definition	SD-EFX-RST-001@1	contracts/migration-and-restart.md#sd-efx-rst-001--createruntimerecoverypoint	sha256:466bdee67665edc150a45f3d3368ee40f044e403e311e01edb8d7296f6d7f4ad
definition	SD-EFX-RST-002@1	contracts/migration-and-restart.md#sd-efx-rst-002--verifyruntimerecoverypoint	sha256:bbb24010186ee65ced1ee985d3865185587e6b7dec1595febf4b21a9540f002e
definition	SD-EFX-RST-003@1	contracts/migration-and-restart.md#sd-efx-rst-003--requestruntimerestart	sha256:b8592816005694ab66154757d033c7c0ae5b525a697713d06119b6082f2bf025
definition	SD-EFX-RST-004@1	contracts/migration-and-restart.md#sd-efx-rst-004--queryruntimerestartstatus	sha256:22d01ae309ae1d09a4d69e8a74ff4e10302cfe6f6e44802ef6d243bbe2a770ed
definition	SD-EFX-RST-005@1	contracts/migration-and-restart.md#sd-efx-rst-005--awaitruntimecontroldeadline	sha256:a517b17a91f3782d648e50b95047f800e0f623a213e9d9233918086fd0a71369
definition	SD-EFX-RST-006@1	contracts/migration-and-restart.md#sd-efx-rst-006--cancelruntimerestartrequest	sha256:a9bf43ccf30814d78a54a471f253b119f23527dadbac6ed0a737e17187ab00d3
definition	SD-EFX-RST-007@1	contracts/migration-and-restart.md#sd-efx-rst-007--reconcileruntimerestart	sha256:bdd58ce6c1a4643e4d6fc25a8e6df5fc4ee6c69a3e3ff4aa3eab7cb845b234c3
definition	SD-EFX-TIM-001@1	contracts/camera-observation.md#sd-efx-tim-001--awaitsettlewindow	sha256:34e00a69f60bcb3be69e61925ccbcdc4d72d27933de3445709f3522e738f1fb7
definition	SD-EFX-TIM-002@1	contracts/camera-observation.md#sd-efx-tim-002--awaitstartconfirmationdeadline	sha256:cdcacf5de6e8f0f7701669dab8c5efd11470d746a7329eb8c7f464fd30c236b0
definition	SD-EFX-TOL-001@1	contracts/finite-conversation.md#sd-efx-tol-001--executeauthorizedtooloperation	sha256:a0933c909cdc25ae32f5c71a0466ac7ef83162943b0e4dd0109f8082b45d47f0
definition	SD-EFX-TOL-002@1	contracts/finite-conversation.md#sd-efx-tol-002--cancelauthorizedtooloperation	sha256:de59abadcdedfc8fc7c1bd7234b363305d57c18426d3204435c17f1b36bff018
definition	SD-EFX-TOL-003@1	contracts/finite-conversation.md#sd-efx-tol-003--awaittooldeadline	sha256:acd66af40aab0d64d027cf97cf5f6e75753c8271c26d2006010b1723fe03037c
definition	SD-EFX-TOL-004@1	contracts/finite-conversation.md#sd-efx-tol-004--queryauthorizedtooloperation	sha256:fb76201d1802d5c74833187bb7d41c1a97aee6d806861b68582f72905f2abbe4
definition	SD-EFX-TOL-005@1	contracts/finite-conversation.md#sd-efx-tol-005--reconcileauthorizedtooloperation	sha256:d10229d987a8826c6d020b32e6eab2555fa63b1582b5db565811f5e93b3417ed
definition	SD-EVT-ACO-001@1	contracts/acoustic-interaction.md#sd-evt-aco-001--wakecandidateobserved	sha256:369674a68542ed0220f570b43db2caef0784a99e691f2bd5367b02172dc6354d
definition	SD-EVT-ACO-002@1	contracts/acoustic-interaction.md#sd-evt-aco-002--acousticsourceobserved	sha256:4ab142994ccbd4d032f8c819822deaf1942f3152b74b4cd4b654af5ed9a988fa
definition	SD-EVT-ACO-003@1	contracts/acoustic-interaction.md#sd-evt-aco-003--acousticsourceoperationresolved	sha256:cf7270ba618d0a04b991a5881844aeb895a3d699fb70d8753a216be3bed27408
definition	SD-EVT-ACO-004@1	contracts/acoustic-interaction.md#sd-evt-aco-004--wakepromptplaybackresolved	sha256:48eff95e1e52bce7fc8ed788c3b0508e7d6534ab08df98b91f2a5e8f832fecc4
definition	SD-EVT-ACO-005@1	contracts/acoustic-interaction.md#sd-evt-aco-005--acousticguardboundaryelapsed	sha256:ac966bec67de4400a18c8f76f6e60eebdad30f4ad5a304741f543965d4603205
definition	SD-EVT-ACO-006@1	contracts/acoustic-interaction.md#sd-evt-aco-006--voicecontrolcandidateobserved	sha256:ee7023e71d04c5eeaabb8d500feaf6ad19ffbdeb6adda3c71c99cf2e1a41c995
definition	SD-EVT-ACO-007@1	contracts/acoustic-interaction.md#sd-evt-aco-007--acousticdecisionrecorded	sha256:e8c3c044f930c4e3d1057719dbabdf80677d132f2f5b0b6ddf9e614a45ac1f64
definition	SD-EVT-ACO-008@1	contracts/acoustic-interaction.md#sd-evt-aco-008--acousticpolicyrevisionregistered	sha256:08b95881d1aa249f56ba8ad16a973bc70f2599e2de4e047e1cf4061c2009171c
definition	SD-EVT-ACO-009@1	contracts/acoustic-interaction.md#sd-evt-aco-009--acousticoperationdeadlineelapsed	sha256:b053e479a72d8f61899644447672236d06d1d0632c9a86211ece35ded6d86bfb
definition	SD-EVT-ACO-010@1	contracts/acoustic-interaction.md#sd-evt-aco-010--acousticsourcequeryresolved	sha256:38792d25e3b314e5522fa9c28308d95ff5a70e42ecca01e063054faa7524367d
definition	SD-EVT-ACO-011@1	contracts/acoustic-interaction.md#sd-evt-aco-011--wakepromptqueryresolved	sha256:72f73bf9312f7cb065299ccbac3be011fe880f479d1a28db267e9f89550f0c43
definition	SD-EVT-ACO-012@1	contracts/acoustic-interaction.md#sd-evt-aco-012--acousticsourcecancellationresolved	sha256:c2bc18b91db8907a58dffa994862081576652afc0d5bb47d9ab5b8339fecc41f
definition	SD-EVT-ACO-013@1	contracts/acoustic-interaction.md#sd-evt-aco-013--wakepromptcancellationresolved	sha256:3b25ada30299ba15de733d9ed48705b40fe64b9ec40afb04be69c943f7396807
definition	SD-EVT-ACO-014@1	contracts/acoustic-interaction.md#sd-evt-aco-014--voicecontrolprocessed	sha256:50142b87e9c9c10a6f0b57bf49a4e26933cd491a4ca7592083bcd6c0f68bb7f3
definition	SD-EVT-AGT-001@1	contracts/finite-conversation.md#sd-evt-agt-001--agentturnprogressed	sha256:2c49bddc97c92858104a1dad29d22f7084d92b0bee73db9fef056ae1e24c84d5
definition	SD-EVT-AGT-002@1	contracts/finite-conversation.md#sd-evt-agt-002--agentoutputproposed	sha256:11255f96fbfdac16618439f71c5b6a1b4ef8a38ab2aa28edad2c5dce78e62f67
definition	SD-EVT-AGT-003@1	contracts/finite-conversation.md#sd-evt-agt-003--agentcancellationresolved	sha256:84866572ef1143f6f05468455fcb81b69a90a5b6226a75970aeefae27443c3df
definition	SD-EVT-AGT-004@1	contracts/finite-conversation.md#sd-evt-agt-004--agentthreadresetresolved	sha256:e75ae643f32eac24541ea3843281dab0ede086a664646e70f7e59857034d9e83
definition	SD-EVT-AGT-005@1	contracts/finite-conversation.md#sd-evt-agt-005--agentthreadcompactionresolved	sha256:b8d2ae38dcf1d6547b6d09fdbd0d761b6fcf6e51b74ac93b16a591b96437edca
definition	SD-EVT-AGT-006@1	contracts/finite-conversation.md#sd-evt-agt-006--agentdeadlineelapsed	sha256:9ba048eea2b406205bb07e19db9c8b979050d83a662b7f6b26294759c26a248b
definition	SD-EVT-AGT-007@1	contracts/finite-conversation.md#sd-evt-agt-007--codexappserverruntimeobserved	sha256:a76d24efcba706872c40b82ef173c5a42c6fca0698729e6ae86bc845620a1420
definition	SD-EVT-AGT-008@1	contracts/finite-conversation.md#sd-evt-agt-008--agentruntimebindinguseresolved	sha256:55c90fde9fc69a0d275e63a0be62ec0833a014b369dc1cc5648e0501a634a1fd
definition	SD-EVT-AGT-009@1	contracts/finite-conversation.md#sd-evt-agt-009--agentturnqueryobserved	sha256:d91c80c464749343bbb5f50daf546d7b0a96bf9dc530a35e5805483a95cd1aba
definition	SD-EVT-AGT-010@1	contracts/finite-conversation.md#sd-evt-agt-010--agentturnreconciliationobserved	sha256:bdececd3403ff8e13a29f06b1dbfd2e56ff76311abc0d29b87c53731da7b0b48
definition	SD-EVT-AGT-011@1	contracts/finite-conversation.md#sd-evt-agt-011--threadresetcancellationresolved	sha256:fdfd61116bd805a2bb450ae9f57f867ea641cfec368fa19b12cb673a86af772a
definition	SD-EVT-AGT-012@1	contracts/finite-conversation.md#sd-evt-agt-012--threadresetqueryobserved	sha256:8e41ce62efb8658ae827b5ab2d7526bfd89672e05a6d6cc24194196ab00bdd8c
definition	SD-EVT-AGT-013@1	contracts/finite-conversation.md#sd-evt-agt-013--threadresetreconciliationobserved	sha256:3ca85fdb0889b7ee61373778323b25ed40eb2c5eb17cc10de14550038970d46d
definition	SD-EVT-AGT-014@1	contracts/finite-conversation.md#sd-evt-agt-014--agentturnrecoveryresolved	sha256:e4797a43159be6679fc4d1f80a4e481cfaadb9c58cdb2c6645a430b01402d0b5
definition	SD-EVT-AGT-015@1	contracts/finite-conversation.md#sd-evt-agt-015--threadresetrecoveryresolved	sha256:bd01e49f94d5ae8140c9f936d1c9105ca8c6bbf77fa0cb77ff5aa19e6dd274b5
definition	SD-EVT-AGT-016@1	contracts/finite-conversation.md#sd-evt-agt-016--explicitcontinuityrestartadmitted	sha256:40bc9180265063c37b65361d7b9c1941ef74376f89b7fedce1685b631ee00781
definition	SD-EVT-ART-001@1	contracts/camera-observation.md#sd-evt-art-001--artifactreserved	sha256:dd2130d12fb6569fbb084dfadb2b23fe9d64efa68bf4e8fe1b6fe952e4329566
definition	SD-EVT-ART-002@1	contracts/camera-observation.md#sd-evt-art-002--artifactavailable	sha256:db2ba7e992251dfb976c2854d96add10d1032df5e85094b321a1c56457146ae8
definition	SD-EVT-ART-003@1	contracts/camera-observation.md#sd-evt-art-003--artifactcapturefailed	sha256:0692dd2cdf78e230093ca9aa05bb5d40e254dbee2938fd1b963ce105afc816be
definition	SD-EVT-ART-004@1	contracts/camera-observation.md#sd-evt-art-004--artifactdeleteresult	sha256:7476d083444c7529b50b73a641f4cbebbe562c88a2203c459b8c9e1ee7d3b6b1
definition	SD-EVT-ART-005@1	contracts/camera-observation.md#sd-evt-art-005--artifactcontentmaterialized	sha256:7e431b1a5da618c4d214facef25f08174c83f55a6befea71cbeb773d20701624
definition	SD-EVT-AUD-001@1	contracts/finite-conversation.md#sd-evt-aud-001--speechplaybackresolved	sha256:40601a0d93eac84908978334ef0aca8f5ca3883f17ef2cb53566985926070069
definition	SD-EVT-CFG-001@1	contracts/configuration-application.md#sd-evt-cfg-001--configurationupdaterejected	sha256:bd0b916aa0b6aee4de6e82ba2907b1a1d3ec38b56b75ef143cc1b391fc677043
definition	SD-EVT-CFG-002@1	contracts/configuration-application.md#sd-evt-cfg-002--desiredconfigurationcommitted	sha256:2aacdbfb094d01707d252aa677179db87c49d11a4c970e0d5da76474d95ace7a
definition	SD-EVT-CFG-003@1	contracts/configuration-application.md#sd-evt-cfg-003--configurationapplicationplanned	sha256:3ca8acbc98a0027681267af39573b25d7e6004ee43af6f8d25a6a0a180ff269b
definition	SD-EVT-CFG-004@1	contracts/configuration-application.md#sd-evt-cfg-004--configurationapplicationstepresolved	sha256:fd97a6d1eef839bfd3bd997dc5a0de3794cfb4700249700482cff4afdc5f96c8
definition	SD-EVT-CFG-005@1	contracts/configuration-application.md#sd-evt-cfg-005--effectiveatomicgroupactivated	sha256:33c86bf35d0e245edeff84b160f0b64b4a6341ce6fce053c050c114bda007849
definition	SD-EVT-CFG-006@1	contracts/configuration-application.md#sd-evt-cfg-006--configurationpersistencerecoveryobserved	sha256:977568ee300581feb7842fd2b89f6fbab177c6c9421c0ae688431f7575b5522f
definition	SD-EVT-CFG-007@1	contracts/configuration-application.md#sd-evt-cfg-007--configurationpersistencerecoveryresolved	sha256:82fc19f97723e6c22e791e52b997915773a1b935232b229a4531713bea902b0b
definition	SD-EVT-CNV-001@1	contracts/finite-conversation.md#sd-evt-cnv-001--finiteconversationstarted	sha256:73cabdb91c71f469df824f0e22d48cca47aee07a5bdfabf338feba06e26e0ea3
definition	SD-EVT-CNV-002@1	contracts/finite-conversation.md#sd-evt-cnv-002--conversationresponseaccepted	sha256:64fdd351c3eb8343aa6210e65493f452f5522179e8ac74e1812989ee0a7dea2c
definition	SD-EVT-CNV-003@1	contracts/finite-conversation.md#sd-evt-cnv-003--finiteconversationresumed	sha256:4d7f0cb87f36c6ac138021f77a73e112bdf6517024f26671ade312f7fef92953
definition	SD-EVT-CNV-004@1	contracts/finite-conversation.md#sd-evt-cnv-004--finiteconversationsafeprogressreached	sha256:f510a355f4eb4120250773bdfa8125afb20d2e7042c3519c82a3131701603b60
definition	SD-EVT-CNV-005@1	contracts/finite-conversation.md#sd-evt-cnv-005--finiteconversationresumeclaimrejected	sha256:19dcad9edb880d8fc63fe6b4d7b4eff399db45e995c70678885400a337c03248
definition	SD-EVT-DAT-001@1	contracts/camera-observation.md#sd-evt-dat-001--contentclassificationdecided	sha256:1aae9d0660f4c3523920e2abd782162db36527247533c822070f63b6f4ffafbc
definition	SD-EVT-DAT-002@1	contracts/finite-conversation.md#sd-evt-dat-002--authorizedcontentreadresolved	sha256:6aa752db2deb0c0a498d480ee96ba2f8658bed959d0ae9b7222aece5d99028ca
definition	SD-EVT-DEX-001@1	contracts/camera-observation.md#sd-evt-dex-001--devicetestexclusionresult	sha256:3f00cbc476780110b718124a3be17e9953663f50bd869a4c4a9d4456a7fc5869
definition	SD-EVT-EXE-001@1	contracts/execution.md#sd-evt-exe-001--effectexecutionstartedaccepted	sha256:2a59983c6e19bbf30aca34fb14e761c6715138d789640981d51f00208c3eaead
definition	SD-EVT-EXE-002@1	contracts/execution.md#sd-evt-exe-002--effectexecutionfailed	sha256:14298b8910c8fbd51900ac97644385272dbd0e9da847f07b3ec7315ced7f06d7
definition	SD-EVT-EXE-003@1	contracts/execution.md#sd-evt-exe-003--guardfactrecorded	sha256:fb1a9e6d89d8503fc90258eca270cb4360cf9416c88e4c50c3c0d02550eae2fa
definition	SD-EVT-EXE-004@1	contracts/execution.md#sd-evt-exe-004--guardfactdeclared	sha256:ee02d953947c0c584b5b20d4e855e2930ba9234ff296f9b3a8fe5808252d1ba4
definition	SD-EVT-EXE-005@1	contracts/execution.md#sd-evt-exe-005--recoverycustodyresolved	sha256:ff3cc6d1341552d9b9d6f020a4ae395871ced86d7153b3cc4738084aaa7a48eb
definition	SD-EVT-EXE-006@1	contracts/execution.md#sd-evt-exe-006--executionresumeplancommitted	sha256:06a9284f07f29edd6582e89147e506063cf0562c07327baadae43e045473aff9
definition	SD-EVT-EXE-007@1	contracts/execution.md#sd-evt-exe-007--checkpointresumeclaimresolved	sha256:b17a2cb565f3540a842d0632b38d95fb937b8485443a977cafaca638a268f542
definition	SD-EVT-EXE-008@1	contracts/execution.md#sd-evt-exe-008--initialexecutionlineageadmitted	sha256:eb80919b085909ff4afe55f0e5871e791b98b0520fd70c9d00279285765f7bbe
definition	SD-EVT-EXE-009@1	contracts/execution-acoustic-v2.md#sd-evt-exe-009--acousticgraphcontributioncommitted	sha256:ec7e90dd0f992771ab3e384ad568918e4c53e25d035850babc45dd6163bd9f81
definition	SD-EVT-EXE-010@1	contracts/execution-acoustic-v2.md#sd-evt-exe-010--executionsnapshotv2activated	sha256:887ce5b69439ebb9a58e8bc313529fe7c9093704ec2718b1fd42a456914187e3
definition	SD-EVT-EXE-011@1	contracts/execution-acoustic-v2.md#sd-evt-exe-011--executionmigrationcontroladvanced	sha256:7f5c38961e4521995d9f89cd9d8b778419367dafc0f97d15b5688986d66206b1
definition	SD-EVT-EXE-012@3	contracts/execution-revision-3.md#sd-evt-exe-012--executiontopologycommittedr3	sha256:ac10e749f93570e69c7800b3e89a098c0f2caae4593e646bff52be36f8aae9f0
definition	SD-EVT-EXE-013@3	contracts/execution-revision-3.md#sd-evt-exe-013--dispatchclaimcommittedr3	sha256:3f393995ddc2482a7b6b79ac3374591d110d53fe026bace942fda80475fa19a8
definition	SD-EVT-EXE-014@3	contracts/execution-revision-3.md#sd-evt-exe-014--executiondeadlineresolvedr3	sha256:efda09c6aeca8d4ce8da81e043543e624792a37b3fa5eff7ecb3fffe08036b7e
definition	SD-EVT-EXE-015@3	contracts/execution-revision-3.md#sd-evt-exe-015--executionr3activated	sha256:329d63d6d2a9ec1aa608aa609d8632d7055d2d438fd347d64762d12a49d87a47
definition	SD-EVT-EXE-016@3	contracts/execution-revision-3.md#sd-evt-exe-016--dispatchpublicationresolvedr3	sha256:c33bd129d4f5f677752316ebe4e665b5978105827fcc7cb08242092867487fb8
definition	SD-EVT-EXE-017@3	contracts/execution-revision-3.md#sd-evt-exe-017--executioncancellationresolvedr3	sha256:b7cfc9714e3d145a9f936608cf3fbe60b20d912eb97695c8bdaefa53785f1808
definition	SD-EVT-EXE-018@3	contracts/execution-revision-3.md#sd-evt-exe-018--executionmigrationadvancedr3	sha256:b4412dae0e4d7db26e74263623bae59ae9e43e327ebed51d72fed167b40e5a3a
definition	SD-EVT-INF-001@1	contracts/camera-observation.md#sd-evt-inf-001--imageinterpretationresolved	sha256:98cbbe697b03ecd1cce51136741772af5fc5ebad8d82228f0360af5275b02460
definition	SD-EVT-ING-001@1	contracts/execution.md#sd-evt-ing-001--ingestedexternalevent	sha256:4bc112aa4796be3f7b796b37368fca72cc743a866d5e41c75359344bec0a8092
definition	SD-EVT-INT-001@1	contracts/camera-observation.md#sd-evt-int-001--cancellationaccepted	sha256:ca359d0e4b686c9cb582243d3b5f59680b37b72faeb590611fda1874593276a9
definition	SD-EVT-MEM-001@1	contracts/finite-conversation.md#sd-evt-mem-001--semanticmemoryretrievalresolved	sha256:d7a443ea9d2392f5c17f1d5c1084f463435a98bffcb8ca4c4b2e0ec64d48c64e
definition	SD-EVT-MEM-002@1	contracts/finite-conversation.md#sd-evt-mem-002--memorysaveresolved	sha256:30804c116b24f4b4128c352d07451ff6847289b7931a131057e5ce1bb3c4e595
definition	SD-EVT-MEM-003@1	contracts/finite-conversation.md#sd-evt-mem-003--memorymutationresolved	sha256:5ff82a735152991e89a0c93639aabe0ad7086327d9bbc7bd5d43da7300764b8b
definition	SD-EVT-MIG-001@1	contracts/migration-and-restart.md#sd-evt-mig-001--migrationstepresolved	sha256:bd3ea5da964ce89b6245584b73805896b8753e23f4acd86540499a541a90771d
definition	SD-EVT-MIG-002@1	contracts/migration-and-restart.md#sd-evt-mig-002--migrationrecoveryobserved	sha256:bd3cd5cf52b949889358c531d60d137f6680fdae868f64695c415ab7b0fd5081
definition	SD-EVT-MIG-003@1	contracts/migration-and-restart.md#sd-evt-mig-003--migrationrecoveryresolved	sha256:1b7fbaaf5232557706bfb80971fa573f4a45258230464c778810043ac610afcc
definition	SD-EVT-MIG-004@1	contracts/migration-and-restart.md#sd-evt-mig-004--migrationstageadvanced	sha256:887baff9f759c8cc804617c779e247870291a025f1f048f8b93d2aae3214b027
definition	SD-EVT-MIG-005@1	contracts/migration-and-restart.md#sd-evt-mig-005--migrationrecoverybranchregistered	sha256:45aed6bd220bd310000ffd1156d655714b55b96814433c7945e07644cf8d0e3c
definition	SD-EVT-NOT-001@1	contracts/finite-conversation.md#sd-evt-not-001--thinkingnoticeresolved	sha256:7df05c31f0c4a9f2396d78d079c341f6994e417e45fce95554acbc9853cc7689
definition	SD-EVT-OUT-001@1	contracts/finite-conversation.md#sd-evt-out-001--presentationpublishresolved	sha256:81759f9b9e4476e0b6d3c19f6d03ae54a2f0db0c6e8c58652128c96a6d9ef8de
definition	SD-EVT-PHY-001@1	contracts/camera-observation.md#sd-evt-phy-001--physicalactionresolved	sha256:25129df8f56b3e55e30147af33fa3f226872ad992226bbac87b9821aabeef5c4
definition	SD-EVT-PHY-002@1	contracts/camera-observation.md#sd-evt-phy-002--physicalprogressassumed	sha256:71c879b639d27f8bf92d247fab9ed21bf4704e2bd6509bf5e7965197acae0cbd
definition	SD-EVT-QLI-001@1	contracts/finite-conversation.md#sd-evt-qli-001--qualiaterminationresolved	sha256:4bd6d08bf3e356dfb2e25e3bcd54bc4e0f7215372a3ef4c998df4ede0ecc2cc0
definition	SD-EVT-QLI-002@1	contracts/finite-conversation.md#sd-evt-qli-002--qualiarecoverydecided	sha256:3305b87a40e547b5802293f97fd9d8227cb4c916f3cb839e032c6ec015c7fc2b
definition	SD-EVT-RBI-001@1	contracts/runtime-binding.md#sd-evt-rbi-001--runtimebindingobserved	sha256:051d313d088373b4411bab0ca9d14399e45fb778b3c98e4e32c8bbc4990aa321
definition	SD-EVT-RBI-002@1	contracts/runtime-binding.md#sd-evt-rbi-002--runtimereadinessobserved	sha256:0631fe1e42212f4118f8d250f292b1e485499f516d75743a7ae47f14ce5e5bc4
definition	SD-EVT-RBI-003@1	contracts/runtime-binding.md#sd-evt-rbi-003--allbindingusesreleased	sha256:455a002d3fb80c78a420870becde1fd2ba1b9562a243156f79ee11393b1a5a3a
definition	SD-EVT-RBI-004@1	contracts/runtime-binding.md#sd-evt-rbi-004--runtimebindingrecoveryobserved	sha256:1d15a5ea8cab0f5e5a17d90139c13caae47da8922f367fe439d24cbcd694ccc5
definition	SD-EVT-RBI-005@1	contracts/runtime-binding.md#sd-evt-rbi-005--runtimebindingrecoveryresolved	sha256:ee398bed2dcbe151246651fea1f3ab4da8f671150ab113c9d6b154378328133f
definition	SD-EVT-RBI-006@1	contracts/runtime-binding.md#sd-evt-rbi-006--runtimebindingcandidatestaged	sha256:7ca7618f6cc145327e4710e58fa1ada908a3d127fcac5de5a40fc2ebf668c964
definition	SD-EVT-RBI-007@1	contracts/runtime-binding.md#sd-evt-rbi-007--runtimebindinggenerationactivated	sha256:4bf0e89ee7d46f45d370e03734f743a4c02e42d2922963a44f2045b1e1fe4cd0
definition	SD-EVT-RBI-008@1	contracts/runtime-binding.md#sd-evt-rbi-008--runtimebindingcandidaterejected	sha256:1c91f498c53098fab75e3cccd92bae93d22a79bb191e54fe41a6ed780f719e7f
definition	SD-EVT-RBI-009@1	contracts/runtime-binding.md#sd-evt-rbi-009--runtimebindingcandidatecleanupplanned	sha256:95fd49957d01668453dbc0d4a6fd987374e9cf8bf63c962242e60661804ac04c
definition	SD-EVT-RBI-010@1	contracts/runtime-binding.md#sd-evt-rbi-010--runtimebindingcandidateadmissionresolved	sha256:1866eb3c90f71fd94cb3adf0c8af535835ac9c3846f8b8b3eb7620bc51f0bebf
definition	SD-EVT-RCP-001@1	contracts/runtime-binding.md#sd-evt-rcp-001--runtimecandidateprobeprofileregistered	sha256:398865269386842f32410b369dd1dcd09ef41b9bb5f61558d79f2c65ab5781b1
definition	SD-EVT-RCP-002@1	contracts/runtime-binding.md#sd-evt-rcp-002--runtimecandidateprobeprofileproofpassed	sha256:6ee7724efb0229626b7b408aa4f5c53c1eae138ed3efc488747c3b6a428e74e8
definition	SD-EVT-RCP-003@1	contracts/runtime-binding.md#sd-evt-rcp-003--runtimecandidateprobeprofileingressrejected	sha256:140ae59c172ebe3b3caa82b549058f7ef83eb94e438a37e7ac84d7e148718e8d
definition	SD-EVT-RCP-004@1	contracts/runtime-binding.md#sd-evt-rcp-004--runtimecandidateprobeprofileingresscommitted	sha256:3230988c61b19ee4e9d540636bcfa9f1f22e5f4ae831a321eaa545ddbe3fada0
definition	SD-EVT-RST-001@1	contracts/migration-and-restart.md#sd-evt-rst-001--runtimerecoverypointverified	sha256:827ad6c1aae6263e71518a0be0f30c7a3adc271cd60c3cbba248f2c5bd0b76c7
definition	SD-EVT-RST-002@1	contracts/migration-and-restart.md#sd-evt-rst-002--runtimerestartobserved	sha256:d1e8b13f8b4c3bf7f246d08b84508aaa638395ba2d8115c92de7a131997e1810
definition	SD-EVT-RST-003@1	contracts/migration-and-restart.md#sd-evt-rst-003--activeworkhandoffcommitted	sha256:723682a421f75c3ea58a22dbc49db20fc7f5db3393dbfa1e7f05bfff1e3f6ac0
definition	SD-EVT-RST-004@1	contracts/migration-and-restart.md#sd-evt-rst-004--runtimerestartresolved	sha256:71db579bd37eef714532d0b8cb733065e4e7ffa0dc450aaad1778c8340cbbc05
definition	SD-EVT-RST-005@1	contracts/migration-and-restart.md#sd-evt-rst-005--activeworkhandoffresolved	sha256:f2f306a7a57a05e3cf45b6219c4a3067cc4d534344ab3732099228172bf4ca84
definition	SD-EVT-TIM-001@1	contracts/camera-observation.md#sd-evt-tim-001--settlewindowelapsed	sha256:e8b645bd00ab000c2a845b46413159dde278aa89c7ef3e89949337e3cb6fd284
definition	SD-EVT-TIM-002@1	contracts/camera-observation.md#sd-evt-tim-002--startconfirmationdeadlineelapsed	sha256:9d7f9036404dafae5806f337229b06352e8be0de8338b73db9f74a7fd0322161
definition	SD-EVT-TOL-001@1	contracts/finite-conversation.md#sd-evt-tol-001--tooloperationresolved	sha256:790a11bb7f0de94df75a5943947b7a82a03491ab403adf8883724eab4836468b
definition	SD-EVT-TOL-002@1	contracts/finite-conversation.md#sd-evt-tol-002--toolcancellationresolved	sha256:83da8f380a383bc138b8c066e393bdc08cc4318479f608f4261523a8447b2052
definition	SD-EVT-TOL-003@1	contracts/finite-conversation.md#sd-evt-tol-003--tooldeadlineelapsed	sha256:ed96aa002e93eb41b767330e486af6c8225c7c5dc2108cb5e15f87c65c7d37d3
definition	SD-EVT-TOL-004@1	contracts/finite-conversation.md#sd-evt-tol-004--tooloperationqueryobserved	sha256:a5f928f8eb14f6848b39930e17df1d95587e17475b7821e976411a45e9957961
definition	SD-EVT-TOL-005@1	contracts/finite-conversation.md#sd-evt-tol-005--tooloperationreconciliationobserved	sha256:84ad6d445a68176af3a09b3eb5e5ee039baf21879ec0485cbb5553afecfa0768
definition	SD-EVT-TOL-006@1	contracts/finite-conversation.md#sd-evt-tol-006--tooloperationrecoveryresolved	sha256:c01e03e18f9d1f52e02adc4641abe965c664bbb87d06e2904acc693664055790
definition	SD-FAIL-ACO-001@1	contracts/acoustic-interaction.md#sd-fail-aco-001--acousticfailure	sha256:f6a3f7f70f1da0bc62a011b77a865be6815a7837742545fd59c067f9a616853d
definition	SD-FAIL-CAM-001@1	contracts/camera-observation.md#sd-fail-cam-001--cameraobservationfailure	sha256:40c809b647a4229d7431d95d2686283f3a3db693f1cae41a306dcf4316b4820d
definition	SD-FAIL-CFG-001@1	contracts/configuration-application.md#sd-fail-cfg-001--configurationfailure	sha256:1346913ad2ea547334eacb3fb9c71e69651f61c6f47fb13ec62d4a51608282ae
definition	SD-FAIL-CNV-001@1	contracts/finite-conversation.md#sd-fail-cnv-001--finiteconversationfailure	sha256:e93e0d2caf9867b16d0f5a427c5d54e2326a420b61e4884e99a34e40a8a209fe
definition	SD-FAIL-EXE-001@1	contracts/execution-acoustic-v2.md#sd-fail-exe-001--executionv2compatibilityfailure	sha256:2618be06f70bce1d7e8b0e657a8e3dedc696b0174b7105e513df6fcd150b745d
definition	SD-FAIL-EXE-002@3	contracts/execution-revision-3.md#sd-fail-exe-002--executionr3failure	sha256:d5f8f996b239cd0d4dde13d0ce6272a5c7712b3b4ead46a2aadb625d1ce3501c
definition	SD-GPH-ACO-001@1	contracts/acoustic-interaction.md#sd-gph-aco-001--onewakeonecommandgraph	sha256:e3c04109cd3685348b4fcb6b5cab465c9ab0a674a5a65dda3639ae5642783a41
definition	SD-GPH-ACO-002@1	contracts/acoustic-interaction.md#sd-gph-aco-002--acousticsourcerecoverygraph	sha256:ede95444f2b3d4d1e0c0cc72108d39d8d770e9e8215e17cb4b70d1681f5e7f72
definition	SD-GPH-AGT-001@1	contracts/finite-conversation.md#sd-gph-agt-001--agentturnrecoverygraph	sha256:2367d9080d3d427ac7076569ca7ed20c23fb0357668d6fd9e812b4306893bcd3
definition	SD-GPH-AGT-002@1	contracts/finite-conversation.md#sd-gph-agt-002--threadresetrecoverygraph	sha256:d6a6aa8d2222749fdb54bb526045b2670befba4ee4a916a497084f2e06a780a3
definition	SD-GPH-CAM-001@1	contracts/camera-observation.md#sd-gph-cam-001--cameraobservationgraph	sha256:7f6b449864bd6b09ad4ad3171f0a3a69a9813a0a0d1a2973197037ec2ead03c8
definition	SD-GPH-CFG-001@1	contracts/configuration-application.md#sd-gph-cfg-001--configurationapplicationgraph	sha256:c4e1d3f726e7dc0e70fe59c0e21b4e6c65f3bae1950b3a1bdfe89d31f1d5abc4
definition	SD-GPH-CNV-001@1	contracts/finite-conversation.md#sd-gph-cnv-001--finiteconversationgraph	sha256:3665b7a672dc0d537a0a00075f3e0cf672b3122e277795d0bac4ef69e0693e31
definition	SD-GPH-EXE-001@3	contracts/execution-revision-3.md#sd-gph-exe-001--executionrecoverygraphr3	sha256:c77169913511142db322e8f6fdeeb04e38e2623cea8b9a1ce7a0f47fcfec7102
definition	SD-GPH-MEM-001@1	contracts/finite-conversation.md#sd-gph-mem-001--explicitrecallgraph	sha256:6b431f65809246ff6cfbf4430f56a88c76214484b2c3f491b78c98a454a440b1
definition	SD-GPH-MIG-001@1	contracts/migration-and-restart.md#sd-gph-mig-001--workspacemigrationgraph	sha256:eedfbebbd3ccf8e5aa3bad18d76434a4fcb606bb426abf222ce3d9d4f88967ca
definition	SD-GPH-RBI-001@1	contracts/runtime-binding.md#sd-gph-rbi-001--runtimebindingchangegraph	sha256:6b25b67bd82afcc5b09b95ae5e2486b7f78f2d52c60657614c6ef42247d2b6a8
definition	SD-GPH-RST-001@1	contracts/migration-and-restart.md#sd-gph-rst-001--runtimerestartgraph	sha256:1072304126f8e63aa2457be478b92559f4b084694428377577be377b5612ae98
definition	SD-GPH-TOL-001@1	contracts/finite-conversation.md#sd-gph-tol-001--tooloperationrecoverygraph	sha256:da0091c3deb517128e347cc7dbf561008405b184b995cb0af1bbe435e92c87b5
definition	SD-MOD-ACO-001@1	contracts/acoustic-interaction.md#sd-mod-aco-001--speechacousticbindingview	sha256:4f4bcc2e459d6dda5ed6db96a1008e0421b63c2959618bf28893f5eda2480858
definition	SD-MOD-ACO-002@1	contracts/acoustic-interaction.md#sd-mod-aco-002--acousticgraphcontributionv2	sha256:4b837731e71e3411a53a3269524fcd9959cc4b4f33aaeb2a372a87b31366381f
definition	SD-MOD-ACO-003@1	contracts/acoustic-interaction.md#sd-mod-aco-003--acoustictemporalevidence	sha256:007ed69e2a8b725e1e4e9aa30fe8062e50786daf7fceefda210d3e3c49a8c429
definition	SD-MOD-CAM-001@1	contracts/camera-observation.md#sd-mod-cam-001--cameraobservationmoduleboundary	sha256:03acbf95ff31f392c44f45712830d68beb77b2836e312f6413b5b52a6c0d086e
definition	SD-MOD-CFG-001@1	contracts/configuration-application.md#sd-mod-cfg-001--configurationexecutionpayload	sha256:aa864737dc22d2db8c181d0b269eb357d0454c73e698191edbc8a2c94129c551
definition	SD-MOD-CNV-001@1	contracts/finite-conversation.md#sd-mod-cnv-001--finiteconversationmoduleboundary	sha256:3a78d5c396dca9e6ffe91a4612d4c996d0db04d933f3b616f3c698d89804aeeb
definition	SD-MOD-DEX-001@1	contracts/camera-observation.md#sd-mod-dex-001--protecteddevicesendcoordinator	sha256:1af84cc86127d3f3b8c659641cd7891e7dcce179b27e0c80733e87881b9621a2
definition	SD-MOD-EXE-001@1	contracts/execution.md#sd-mod-exe-001--dispatchclaimapplicationservice	sha256:4eba254beb3f1ee125d2e20c3fdb2f02dd365d52a0bf75a20b42a49e819b4873
definition	SD-MOD-EXE-002@1	contracts/execution.md#sd-mod-exe-002--resumecontributioncontract	sha256:27d68c7b3cec2878a912cde2c5e62886dd0b0a030f855ca5d01ab6d2f070ed8b
definition	SD-MOD-EXE-003@1	contracts/execution.md#sd-mod-exe-003--executionlineageandresumeprovenance	sha256:614084ac2fe37bc6cbe26ada15ecb60fcb10ead185ac1498c82c49ca16c8c110
definition	SD-MOD-EXE-004@1	contracts/execution-acoustic-v2.md#sd-mod-exe-004--executioncontractv2	sha256:14060017be57403216296288cb08629333213df4ef76817840735de524a39c30
definition	SD-MOD-EXE-005@1	contracts/execution-acoustic-v2.md#sd-mod-exe-005--executionsnapshotv1tov2migration	sha256:97e7ade81583827c8c989efbab301ca9d772229f5fdd23b914a643c165502376
definition	SD-MOD-EXE-006@3	contracts/execution-revision-3.md#sd-mod-exe-006--executioncontractr3	sha256:2c3854e20e73a7e9a0f026883390b7190bc4807b33f2b681032f2fe89e423297
definition	SD-MOD-EXE-007@3	contracts/execution-revision-3.md#sd-mod-exe-007--resourceconflictalgebrar3	sha256:5f58cc67df40713c877e3ae4ca5616945ae45b1e385cdf4dff7cbc4c8a132075
definition	SD-MOD-EXE-008@3	contracts/execution-revision-3.md#sd-mod-exe-008--closedeffecttopologyr3	sha256:c6f8ad81daaf1c3a359148c6b4429415df8565db6c8a4551ca8a7732dca48912
definition	SD-MOD-EXE-009@3	contracts/execution-revision-3.md#sd-mod-exe-009--dispatchdeliverycontractr3	sha256:e1b023f88510fbcd569d6b5c6a3d5d468b6fd305dabe3b6cadf0b65207f84898
definition	SD-MOD-EXE-010@3	contracts/execution-revision-3.md#sd-mod-exe-010--migrationcontrolr3	sha256:a13d26ed444887a5a1c9087caa421de16fece3393a33cf8a9d1bde68c9c2ea4d
definition	SD-MOD-MIG-001@1	contracts/migration-and-restart.md#sd-mod-mig-001--migrationexecutionpayload	sha256:fd2b59b464f30b5f00fda1b1f4553a56d7ce5b51339cd213e47e95d85849ced6
definition	SD-MOD-RBI-001@1	contracts/runtime-binding.md#sd-mod-rbi-001--runtimebindingalgebra	sha256:201b32dc4df5201b1e74fd252f6035341603babfbbc92b9d3c24b5eeec19a7c5
definition	SD-MOD-RBI-002@1	contracts/runtime-binding.md#sd-mod-rbi-002--runtimebindingexecutionpayload	sha256:96816cf78a9d76fd6e233c8aa6d8ddb5827395aa47bc915d104fbde93be68292
definition	SD-MOD-RCP-001@1	contracts/runtime-binding.md#sd-mod-rcp-001--runtimecandidateprobeprofileingresscontract	sha256:84628303d5b4b8740739533dfbc0599e56f79c9f750a01766fedd5ea1d4a1302
definition	SD-MOD-RST-001@1	contracts/migration-and-restart.md#sd-mod-rst-001--runtimecontrolexecutionpayload	sha256:36cda98829e47faaa8bc71da8725bb491983199b46435e49a74bb2fb9f4c2841
definition	SD-MOD-RST-002@1	contracts/migration-and-restart.md#sd-mod-rst-002--restarthandoffepoch	sha256:505daa16e42dc0a84544b28545a04c546b84d88649392fd100c768262bdbd580
definition	SD-PER-ACO-001@1	contracts/acoustic-interaction.md#sd-per-aco-001--durableacousticboundary	sha256:b50030f7e1bac7b73e84d1516978f77dcb03d7d61c46583027f69c1ae4fbe236
definition	SD-PER-ACO-002@1	contracts/acoustic-interaction.md#sd-per-aco-002--durablevoicecontroldecisionuow	sha256:b3fb03e3ae3a8baec591ad3a9060b9805eef5153c60e69ee9a838d68a2f1e509
definition	SD-PER-AGT-001@1	contracts/finite-conversation.md#sd-per-agt-001--agentdispatchauthorizationandbindinguow	sha256:88112d4397a1654b3aad9bc0ad93b550aa8d27b515a1c8a320a6ad5b9e5fe0c4
definition	SD-PER-AGT-002@1	contracts/finite-conversation.md#sd-per-agt-002--agentruntimebindingusereleaseuow	sha256:1ba84bbe30dfd016bb25a9bde44de61420ad99d4fa6ce27acccf049780251bad
definition	SD-PER-AGT-003@1	contracts/finite-conversation.md#sd-per-agt-003--explicitcontinuityrestartuow	sha256:5daab43324025378ab31b50552caa129c52bfbb98a5a3ea55593023c7d3609b7
definition	SD-PER-CAM-001@1	contracts/camera-observation.md#sd-per-cam-001--cameraplanregistrationuow	sha256:31d67eccec27d5de977714de4bd29d6ae61844d6f7ed6bd7b23912d2cba80f89
definition	SD-PER-CFG-001@1	contracts/configuration-application.md#sd-per-cfg-001--prepareconfigdocumentpersistenceuow	sha256:2e0d1483f90cc7c1a7559701dfbe9a580ea5613d266f9e0edd66699c110e766a
definition	SD-PER-CFG-002@1	contracts/configuration-application.md#sd-per-cfg-002--durablemanagementresultinboxuow	sha256:c1a3c427e940f9a6d75a730290c16cf5795e784959f9e6c3c3c23dff1397efbc
definition	SD-PER-CFG-003@1	contracts/configuration-application.md#sd-per-cfg-003--finalizedesiredconfigurationuow	sha256:999e6f09f6a32ba0e536e4af27e5e0a1462a345a8be1be078f8c49a4ed075dd2
definition	SD-PER-CFG-004@1	contracts/configuration-application.md#sd-per-cfg-004--effectiveatomicgroupuow	sha256:a18c1f916be3f39e231bf6491a150a0f5601d30bc056162f46161ca27ead8d7b
definition	SD-PER-CFG-005@1	contracts/configuration-application.md#sd-per-cfg-005--configurationroutingrevisionuseacquisitioncomponent	sha256:13f973a188d91a4df54aad9accc0cc8ea59ff3939926bade3827df222b64da49
definition	SD-PER-CFG-006@1	contracts/configuration-application.md#sd-per-cfg-006--configurationroutingrevisionusereleaseuow	sha256:546b4c2893e356dd37b15362c25d2f6390a94b7e849254af505a292289040787
definition	SD-PER-CFG-007@1	contracts/configuration-application.md#sd-per-cfg-007--runtimerestartregistrationuow	sha256:8c6e9d49728f811e9b875d1fb3d3527b8570a0044d36f9751bc9082e46282539
definition	SD-PER-CFG-008@1	contracts/configuration-application.md#sd-per-cfg-008--configurationpersistencerecoveryresolutionuow	sha256:7eba2841c8ad1e96e220ae2e755e93a9e3b42a483b51ea5067d0e9a6b44cf174
definition	SD-PER-CNV-001@1	contracts/finite-conversation.md#sd-per-cnv-001--durablefiniteconversationboundary	sha256:33665820cc5faf92111c50168588baaf0b8a2d899aeddb053d56947a6343725d
definition	SD-PER-CNV-002@1	contracts/finite-conversation.md#sd-per-cnv-002--finiteconversationsafeprogresscheckpointuow	sha256:883593c91f71a8df40adcc54d0bbd30573e07c3f21f5334858c625dfcb9a5e31
definition	SD-PER-CNV-003@1	contracts/finite-conversation.md#sd-per-cnv-003--finiteconversationresumeclaimrejectionuow	sha256:a3e7036800e2b941a837cea54e8c12b587c34088ce807d5c95970c4effe01a3d
definition	SD-PER-DPF-001@1	contracts/runtime-binding.md#sd-per-dpf-001--physicalprofilerevisionusereleaseuow	sha256:dff2ac8191e1946c9ff94eba504dab99d77916097fd73caf63fd66f86591c963
definition	SD-PER-EXE-001@1	contracts/execution.md#sd-per-exe-001--durableexecutionboundary	sha256:ab20ff0bf1e98d2434f6ce4bf112b7b0cd7569e9e2c7fe20906c2203a3fd1674
definition	SD-PER-EXE-002@1	contracts/execution.md#sd-per-exe-002--durableresultinbox	sha256:5267497aded48fa1b7872e12f9e6739cb60597b225aae59c3b32b1a52114be87
definition	SD-PER-EXE-003@1	contracts/execution.md#sd-per-exe-003--ownereventandguardfactuow	sha256:e3974c35e249c99160c71bcd3e4b1aea17cb1311690d4ec66aede463f2fcfd63
definition	SD-PER-EXE-004@1	contracts/execution.md#sd-per-exe-004--outcomeunknownrecoverycustodyuow	sha256:6f730d7c82eefd3763a7b5353ad3c69770b97450ccdd3782c013100e38a1afbb
definition	SD-PER-EXE-005@1	contracts/execution.md#sd-per-exe-005--recoverycustodyresolutionuow	sha256:c06551fbbd084508e949abbf9e6ca8cd9975d6d4aa78e0df53556afa969467fa
definition	SD-PER-EXE-006@1	contracts/execution.md#sd-per-exe-006--resumeawarenormaldispatchclaimcomposition	sha256:ed78a95f51c0bbe42655df3bbde079455c9f241116b7f2397cd07e276cb722e3
definition	SD-PER-EXE-007@1	contracts/execution.md#sd-per-exe-007--initialinteractionexecutionadmissioncomposition	sha256:fc62885989093819f22681879fe9dd15f9b436b56a033e67b75f6a706020dbe9
definition	SD-PER-EXE-008@1	contracts/execution-acoustic-v2.md#sd-per-exe-008--durableacousticgraphextensionuow	sha256:ae0092b165f5facf2a0686fc4a035dcfc5f64953dd30d7baf1b8f7a4174c4d95
definition	SD-PER-EXE-009@1	contracts/execution-acoustic-v2.md#sd-per-exe-009--executionsnapshotv2activationuow	sha256:6728a263742d7b7d126e83ec723a3d8df0c444ee8d2d85e45fedc2baba57e443
definition	SD-PER-EXE-010@1	contracts/execution-acoustic-v2.md#sd-per-exe-010--durableexecutionmigrationcontroluow	sha256:b52087c65e60b77bc72f0ad93e40243455ed696e2fc27374d2c26da95562afb3
definition	SD-PER-EXE-011@3	contracts/execution-revision-3.md#sd-per-exe-011--durabletopologyr3uow	sha256:4d791c12ff768ebb5fb1c216949f844230102c49ab17716becb0f0c1cddcf974
definition	SD-PER-EXE-012@3	contracts/execution-revision-3.md#sd-per-exe-012--durabledispatchclaimr3uow	sha256:ada56b5cb9d6113726a087200ff8db5bedcc20b6416118c5772428ebff6892ed
definition	SD-PER-EXE-013@3	contracts/execution-revision-3.md#sd-per-exe-013--durableresultanddeadlineinboxr3	sha256:cf04d361abd6386385de140f7d9f3a8ce9916fa9f6bc83133ad9cd5a667c3a96
definition	SD-PER-EXE-014@3	contracts/execution-revision-3.md#sd-per-exe-014--v2tor3activationuow	sha256:4f368781bbcc1c09d3ae45c198c40ba74ceb147312e846095b5c895931c27e95
definition	SD-PER-EXE-015@3	contracts/execution-revision-3.md#sd-per-exe-015--durabledispatchpublicationr3uow	sha256:5b0f3c8247054c52a52ecbfa8c133e6fbed6a64b22070ab249e4e257eb26b270
definition	SD-PER-EXE-016@3	contracts/execution-revision-3.md#sd-per-exe-016--durablecancellationr3uow	sha256:3b62fd5cc6d20507b33c07f4963e4c1e63469d066be545b4704c3afbe2631085
definition	SD-PER-EXE-017@3	contracts/execution-revision-3.md#sd-per-exe-017--durablenamedintervalleaseuser3uow	sha256:06be0f8d8a2c8335c7d257d1e291248b4da0915f22f27b66f4ee2a39a9d6e116
definition	SD-PER-MIG-001@1	contracts/migration-and-restart.md#sd-per-mig-001--migrationuow	sha256:66effcad5273bde8f87f97f7fa727c4c37930678511268dc13ad959fd3471e17
definition	SD-PER-MIG-002@1	contracts/migration-and-restart.md#sd-per-mig-002--migrationrecoveryresolutionuow	sha256:1b9366732993ad33beccdf026744e0f10e580f5bace37a656f8097cd6ee40167
definition	SD-PER-MIG-003@1	contracts/migration-and-restart.md#sd-per-mig-003--migrationstageadvanceuow	sha256:ab0ac0d729114ca81fe21f22b14805d54ba6b724d4222ac732f2a44ce2b9aadc
definition	SD-PER-MIG-004@1	contracts/migration-and-restart.md#sd-per-mig-004--migrationrecoverybranchregistrationuow	sha256:1cfec59fea46da522c793710e8c35489da2b848aeb58573cac5eada88b059d70
definition	SD-PER-RBI-001@1	contracts/runtime-binding.md#sd-per-rbi-001--finalbindingusereleaseandretirementuow	sha256:8a1f7831bc7d3e0e654b54f9f0cc4b6fa3f2aded0f45e8f01a625fae9aee9b95
definition	SD-PER-RBI-002@1	contracts/runtime-binding.md#sd-per-rbi-002--noncodexruntimedispatchacquisitionuow	sha256:3fbf9b0a1fb0eccba9a94248af989cfabb4dd3b07986d613042da1fdfb7a5bc0
definition	SD-PER-RBI-003@1	contracts/runtime-binding.md#sd-per-rbi-003--runtimebindingrecoveryresolutionuow	sha256:d9cc38e08a9765206e077ea583eee770e329868bf117f762715d58957394f288
definition	SD-PER-RBI-004@1	contracts/runtime-binding.md#sd-per-rbi-004--runtimebindingcandidatestaginguow	sha256:c514dce21201064e976e45afa57915bb070bdc07f0000b7c5ae979c4504f579b
definition	SD-PER-RBI-005@1	contracts/runtime-binding.md#sd-per-rbi-005--runtimebindingcandidateknownfailureuow	sha256:47482f8a10e33699d9602fe68147e3bf9563ce07a27720e14c3f708f4b1339e2
definition	SD-PER-RBI-006@1	contracts/runtime-binding.md#sd-per-rbi-006--runtimebindingcandidatecleanupresolutionuow	sha256:9852dbbacc21afbdea11d39236c2e25921908fab0a39c66339d063226286a5da
definition	SD-PER-RBI-007@1	contracts/runtime-binding.md#sd-per-rbi-007--runtimebindingcandidateregistrationuow	sha256:632cc512545b67e24e1669beb6a77e106c3c296a152a4c2c0c6dac429c860cdf
definition	SD-PER-RCP-001@1	contracts/runtime-binding.md#sd-per-rcp-001--runtimecandidateprobeprofilerevisionuseuow	sha256:c2a3adece30aaa8d65059eca515f5a673acd6077ed1af5139b3a3cec6debd3c6
definition	SD-PER-RCP-002@1	contracts/runtime-binding.md#sd-per-rcp-002--runtimecandidateprobeprofileseedprovisioninguow	sha256:fd9492ebf6a1a7a8538d1bcde12430bb321c5e541cb2b3db8c102bfac7eb45a3
definition	SD-PER-RCP-003@1	contracts/runtime-binding.md#sd-per-rcp-003--runtimecandidateprobeprofileadministrationuow	sha256:873d3bbdf4da0fd96fecb8e7e52eeebac8701581a45a9f8dd4106e2bf422cb5c
definition	SD-PER-RST-001@1	contracts/migration-and-restart.md#sd-per-rst-001--runtimerestartuow	sha256:1a07a9ac5cd8ba7a0124fa420ada670be3513cbb101d39de12ea326d77c201bc
definition	SD-PER-RST-002@1	contracts/migration-and-restart.md#sd-per-rst-002--activeworkhandoffandqualiarecoveryuow	sha256:164daa93561df6394bfff6f54c3aa6018ca4859852693da56adcba18d5e20ca0
definition	SD-PER-RST-003@1	contracts/migration-and-restart.md#sd-per-rst-003--runtimerestartresolutionuow	sha256:c2d790635549c9f82d0ab107ac35643f6c48c51c275ae74b448c1d628f88660c
definition	SD-PER-RST-004@1	contracts/migration-and-restart.md#sd-per-rst-004--activeworkhandoffreleaseuow	sha256:d4ff9ed59055757dee2d1cf51487f1c3329a8150ef27f0fc65791147b221529f
definition	SD-PER-TOL-001@1	contracts/finite-conversation.md#sd-per-tol-001--tooldispatchauthorizationuow	sha256:c120b7a94268955fe53a08e96412b88b8ba869e38272cd8c30f6a3141f90b532
definition	SD-POL-ACO-001@1	contracts/acoustic-interaction.md#sd-pol-aco-001--acousticsessionpolicy	sha256:920678c6387131443f3f9be9c0162899fd8f0ef51df4991e5774c9729cd58633
definition	SD-POL-ACO-002@1	contracts/acoustic-interaction.md#sd-pol-aco-002--stopsuppressionpolicy	sha256:5950c2a4d5183098a9431caa5104d571a1705a7ccc9497cf3c28a79a26093a41
definition	SD-POL-ACO-003@1	contracts/acoustic-interaction.md#sd-pol-aco-003--acoustictemporalambiguitypolicy	sha256:0bc4f2a5965cd8074bb467ad80778c4b85c256dd637d5b0cac2665048c9c6509
definition	SD-POL-ART-001@1	contracts/camera-observation.md#sd-pol-art-001--artifactcleanuppolicy	sha256:18049fe211fe1df080db5d0f74226bec402393e2fc2ff305c7111aa480c7cc9c
definition	SD-POL-DAT-001@1	contracts/camera-observation.md#sd-pol-dat-001--dataclassificationpolicy	sha256:0e633b8cc4b19d55d59d84569d4b36de98e1afc6d7a28aabc14a2f486fcc8883
definition	SD-POL-DEX-001@1	contracts/camera-observation.md#sd-pol-dex-001--referencedeviceexclusionpolicy	sha256:f483c569dedc1a9d4f252d4e54b8ab14acd0949fba9f0fd869a74cb99270f151
definition	SD-POL-PHY-001@1	contracts/camera-observation.md#sd-pol-phy-001--assumedprogresspolicy	sha256:97bc2320e2a1ccf048f23029968155f1f0125d8e4be0b3782d29a268da9dfdcb
definition	SD-POL-PHY-002@1	contracts/camera-observation.md#sd-pol-phy-002--startconfirmationpolicy	sha256:185f7c82bf6188e7a4123e1030ca73ce4d21b59a18e3e18688d702d430f74ecf
definition	SD-POL-REC-001@1	contracts/camera-observation.md#sd-pol-rec-001--physicalrecoverypolicy	sha256:b76d4cbfe7e289c40c5fbce320badff43b9eff4c4c2dff45ebc907cf2d195602
definition	SD-PRF-ACO-001@1	contracts/acoustic-interaction.md#sd-prf-aco-001--acousticprofileproofcontract	sha256:8d22ca0dd2d45853dded02992c9007aa519f6b8a0c5bde7f95f4496cbda756fe
definition	SD-PRF-EXE-001@1	contracts/execution-acoustic-v2.md#sd-prf-exe-001--executionv1v2roundtripproofcontract	sha256:0524a0647c66408aadf0571c45cccda7ed5917dc336a28ba9827e5d43cf75fa6
definition	SD-PRF-EXE-002@3	contracts/execution-revision-3.md#sd-prf-exe-002--v2tor3roundtripproof	sha256:26ce1463200155b4e5ce9a38702f2c0646764aeaef9b30afc21123d6b77969d7
definition	SD-PRF-EXE-003@3	contracts/execution-revision-3.md#sd-prf-exe-003--resourceanddispatchproofr3	sha256:38baf2dd645c328927ede0ec6db5e313378758cbfe15d21a8fcac8f708c03f3f
definition	SD-PRF-EXE-004@3	contracts/execution-revision-3.md#sd-prf-exe-004--activev2operationalizationproofr3	sha256:2e7e14038f02b57439e077ecdeaf239a713b7ae7c67e83028954835580298496
definition	SD-PRF-PHY-001@1	contracts/camera-observation.md#sd-prf-phy-001--physicalcapabilityprofile	sha256:2bbde4a05ace60c847bbeff0893b8d0d27672e248e5abf2e870961da6915203d
definition	SD-PRF-RBI-001@1	contracts/runtime-binding.md#sd-prf-rbi-001--runtimecandidateprobecapabilityprofile	sha256:8bd5844f50c677e5290fc4c5837853ef4283b11d7f4d9cdf6496e6ac1ebb418a
definition	SD-PRJ-ACO-001@1	contracts/acoustic-interaction.md#sd-prj-aco-001--acousticsessionprojection	sha256:b8529991ed5c003786017e05d0367e0b4bccc38f4c55505e5ea355c6734271bb
definition	SD-PRJ-AGT-001@1	contracts/finite-conversation.md#sd-prj-agt-001--agentsessionprojection	sha256:cdbd2697307f1b6880177fc01b78d32810fe37c5c6e93508c625edae5c0319c4
definition	SD-PRJ-AUT-001@1	contracts/configuration-application.md#sd-prj-aut-001--skillauthorizationprojection	sha256:c99efdbee300fd3db822d3a602a70ad53a98b39fecda42d8d5d6de0526469122
definition	SD-PRJ-BRP-001@1	contracts/routing-policy.md#sd-prj-brp-001--behaviorroutingprojection	sha256:0e01325076a632760c71d105cd7cca953d184a12187a4b6a2f34d180c4bad16f
definition	SD-PRJ-CAM-001@1	contracts/camera-observation.md#sd-prj-cam-001--cameraobservationprojection	sha256:8facad7f94b6f8d04700f1e291f6b7d5fa6ed30605cdd195f9a7e257e64ab477
definition	SD-PRJ-CFG-001@1	contracts/configuration-application.md#sd-prj-cfg-001--configurationprojection	sha256:0e178a2e93ca561d076f921ccb31ee98f5073a1efe1654738001a95a4496d92a
definition	SD-PRJ-CNV-001@1	contracts/finite-conversation.md#sd-prj-cnv-001--finiteconversationprojection	sha256:9d13cc62cf738231066a684075224dc9508bf2edfd4a2d7cd1faed5cd85f5006
definition	SD-PRJ-EXE-001@1	contracts/execution-acoustic-v2.md#sd-prj-exe-001--executionv1compatibilityview	sha256:8ec4697391830391971489c26c913b702da166d4f70eb48a466a12f37b517c82
definition	SD-PRJ-EXE-002@3	contracts/execution-revision-3.md#sd-prj-exe-002--executionv2compatibilityviewr3	sha256:7ebbf3f25363bf14b5d9e107e5f00707c737ba47872f6eb0eadeb56a6beb282a
definition	SD-PRJ-IRP-001@1	contracts/routing-policy.md#sd-prj-irp-001--inferenceroutingprojection	sha256:7ee2c7657ef39a95029da9a27ed8314a18579a849258ddd505e005eb5df356a9
definition	SD-PRJ-MEM-001@1	contracts/finite-conversation.md#sd-prj-mem-001--semanticmemoryprojection	sha256:0872280cb6185ce546beb3486255d600a69c47bba7ffab9c45a9d241e27bc792
definition	SD-PRJ-MIG-001@1	contracts/migration-and-restart.md#sd-prj-mig-001--migrationprojection	sha256:5251ed5af493f909e746b6d1699b815ca8178758843d9ffb1db31eb530f045a4
definition	SD-PRJ-QLI-001@1	contracts/finite-conversation.md#sd-prj-qli-001--qualiaprojection	sha256:f517b8174a1ea8d0845d1cddccbd3404f699732a58a14d35a8a8996955a1f1e3
definition	SD-PRJ-RBI-001@1	contracts/runtime-binding.md#sd-prj-rbi-001--runtimebindingprojection	sha256:ba68104145b89dce12a698ff43e05e87ce5acb7317fa93a1285a554f73af14de
definition	SD-PRJ-RBI-002@1	contracts/runtime-binding.md#sd-prj-rbi-002--readinessprojection	sha256:00beab405e4dcb9945e7102394db665752de089e0d367f3745afeaa5a9e07fa5
definition	SD-PRT-ACO-001@1	contracts/acoustic-interaction.md#sd-prt-aco-001--acousticcandidateingressport	sha256:ed90e846c9514dbb715d9ef2df43430bd724904e1ab99139e8841ed1e2a92078
definition	SD-PRT-ACO-002@1	contracts/acoustic-interaction.md#sd-prt-aco-002--acousticsourceport	sha256:4ed08b8e757105cd765f61b57e3a76fa43e101bcde752d22f8c3e3d0e5c3705d
definition	SD-PRT-ACO-003@1	contracts/acoustic-interaction.md#sd-prt-aco-003--wakepromptport	sha256:ecb41e2b890ef384fea882cdf7c8588f4dd5738de0e43f8bbacc67dd9caa0c6c
definition	SD-PRT-ACO-004@1	contracts/acoustic-interaction.md#sd-prt-aco-004--acousticboundaryport	sha256:cda75585e39bdf5004013094df7439696d99d3a5a490a78f5cbe5de0dbb643f2
definition	SD-PRT-AGT-001@1	contracts/finite-conversation.md#sd-prt-agt-001--agentsessionport	sha256:300cbc26ec4a2184e3e95476ec5269edfafab598121d8e0778cea1d993a1dcd3
definition	SD-PRT-AGT-002@1	contracts/finite-conversation.md#sd-prt-agt-002--providerinferenceport	sha256:3a82a1659e038250f034db8b00838312ce1b96462f86798dafea6e8dee4cd5a1
definition	SD-PRT-ART-001@1	contracts/camera-observation.md#sd-prt-art-001--artifactcontentport	sha256:2bbebbb8994197d59f3ae6022cb8e08bab0d0826f331f1a2b1d0eb0cd3dcb312
definition	SD-PRT-AUD-001@1	contracts/finite-conversation.md#sd-prt-aud-001--nonstreamingspeechport	sha256:63ebbd8032dedabaaf3eca07f1009bd5f275019db8ea2b31ad351dd78b742021
definition	SD-PRT-CAP-001@1	contracts/camera-observation.md#sd-prt-cap-001--imagecaptureport	sha256:0246eabe85ed00f18519a75d489284647e78b5c4245a8193eba98486f23ff46d
definition	SD-PRT-CFG-001@1	contracts/configuration-application.md#sd-prt-cfg-001--userlayerconfigurationport	sha256:ed111d4e5ea1da1f1f844a11924134c05b2d0a3b77ffd5e9becad1a39dded4ee
definition	SD-PRT-DAT-001@1	contracts/finite-conversation.md#sd-prt-dat-001--authorizedcontentport	sha256:ed21589de08efb2a0013f10463c5ff0c72b3c1ae1b53c72b36f099a7e1e5c33d
definition	SD-PRT-DEX-001@1	contracts/camera-observation.md#sd-prt-dex-001--devicetestexclusionport	sha256:916506b4e812657a18e2e65efe1365d20b10e197cf7c692aa0d82ab3a68fbe8a
definition	SD-PRT-INF-001@1	contracts/camera-observation.md#sd-prt-inf-001--imageinterpretationport	sha256:687dd1045db640a0e01d65a139c677f0488b67e9fa6bbb5469a5ffec42f38e95
definition	SD-PRT-MEM-001@1	contracts/finite-conversation.md#sd-prt-mem-001--semanticmemoryport	sha256:f8f71295136868280f1c470af014fcc30be271307ae005caef099b37c8e5d65f
definition	SD-PRT-MIG-001@1	contracts/migration-and-restart.md#sd-prt-mig-001--workspacemigrationport	sha256:21c2b7aafafbc60059dc4ee527dc1d5417eacdb16d3f507672a19c98c12b671b
definition	SD-PRT-NOT-001@1	contracts/finite-conversation.md#sd-prt-not-001--thinkingnotificationport	sha256:2f05dcd1b825f6f12fac6547fbfbc7705e17cbc2be8afc63a282db750a09a0a8
definition	SD-PRT-OUT-001@1	contracts/finite-conversation.md#sd-prt-out-001--presentationpublicationport	sha256:3a35b2dcff5744cbd9e193c457a27f10ede7d8ed452a72559b7fe86532b41f9a
definition	SD-PRT-PHY-001@1	contracts/camera-observation.md#sd-prt-phy-001--relativemotionport	sha256:1f705af5a367c81d69c1cd7d8428a2fb3831e4c58a61106383473c72394fdb7d
definition	SD-PRT-RBI-001@1	contracts/runtime-binding.md#sd-prt-rbi-001--runtimebindingport	sha256:da7f6f7153e5e24dc5a5510045d09be046114891a14af4c09d3ce4475c2f9e56
definition	SD-PRT-RBI-002@1	contracts/runtime-binding.md#sd-prt-rbi-002--runtimeprobeport	sha256:474dd843e28748aa9d6c4bb503cd520e6fbca26c2e35dfd88db2e50effe4ac94
definition	SD-PRT-RCP-001@1	contracts/runtime-binding.md#sd-prt-rcp-001--runtimecandidateprobeprofileadministrationingress	sha256:db6b875942d4e1d3244ba1af11826bbb36e88fce2e05de4cdf5716dbcd04a9b2
definition	SD-PRT-RST-001@1	contracts/migration-and-restart.md#sd-prt-rst-001--runtimecontrolport	sha256:4e8bf86582398c0371cff1b3e8e701cd6e2a59485b3bcac5430c98079fecdaa9
definition	SD-PRT-TIM-001@1	contracts/camera-observation.md#sd-prt-tim-001--monotonictimerport	sha256:6a9c47e2294f79519e1f254c317d751b9202a0f52849091a1acb0d32fd96e2d1
definition	SD-PRT-TOL-001@1	contracts/finite-conversation.md#sd-prt-tol-001--authorizedtoolport	sha256:7fec9fee4b9611d3864da960fe2805b5c09fb9d575f1852de9ac8aa7c90714ed
definition	SD-REC-ACO-001@1	contracts/acoustic-interaction.md#sd-rec-aco-001--acousticrecovery	sha256:2ac02ff8ca7a3bbd3a8932c2c9df85e6af1e8735be4743d19ef6d74a035bc977
definition	SD-REC-AGT-001@1	contracts/finite-conversation.md#sd-rec-agt-001--agentturnrecovery	sha256:de973d6614eb95d7a8020a010aeff6815f23392faa771fe7c559420cfdfa6fad
definition	SD-REC-AGT-002@1	contracts/finite-conversation.md#sd-rec-agt-002--threadresetrecovery	sha256:cd4b67c4725dea731b0eac140ac7a8f034a10a9cb221a5b710d6bb731b5388af
definition	SD-REC-AGT-003@1	contracts/finite-conversation.md#sd-rec-agt-003--codexruntimebindingrecovery	sha256:0e3c311222e7c6008bf015725b3744bf549bf8576982c90490e7274d0e1b8e1d
definition	SD-REC-ART-001@1	contracts/camera-observation.md#sd-rec-art-001--artifactcleanuprecovery	sha256:cfd3c7abca8ce8816f11c9ab2939a95bbec8dbf96b3e63393e8717b3a7decbe7
definition	SD-REC-CFG-001@1	contracts/configuration-application.md#sd-rec-cfg-001--configurationpersistencerecovery	sha256:d430c2cfa2e82d83524f74a0e9737cf07d6562dc43cceb875dda7e84534ef6c1
definition	SD-REC-CNV-001@1	contracts/finite-conversation.md#sd-rec-cnv-001--finiteconversationrecovery	sha256:1d1de65712b32b21dd72a36cf55469f79e6704846d1d1be04daf1335b3b3f01e
definition	SD-REC-DEX-001@1	contracts/camera-observation.md#sd-rec-dex-001--devicetestexclusionrecovery	sha256:d60a048860d9f7acd0b9aca6f6a861bf5744591db1bda08e680c210a60ee83a7
definition	SD-REC-MEM-001@1	contracts/finite-conversation.md#sd-rec-mem-001--memoryrecovery	sha256:e9e9cc5d15d9ba1e1f03c6c1dd9a352e17f5ba71adc0f67d9a50de053abd3fba
definition	SD-REC-MIG-001@1	contracts/migration-and-restart.md#sd-rec-mig-001--workspacemigrationrecovery	sha256:c171e859a9218e0c75f2392f44038515c9d2f0e30a347fed3349080441ef46ee
definition	SD-REC-NOT-001@1	contracts/finite-conversation.md#sd-rec-not-001--thinkingnoticerecovery	sha256:0e3379527781ba0de2a8a917952b709e4512fc6311cdc761a5f986c998308777
definition	SD-REC-OUT-001@1	contracts/finite-conversation.md#sd-rec-out-001--presentationcommitrecovery	sha256:ebda40fd454c2c41c4b82bf86b8537cc4aed8e8f7b6d5e17de7dbd7df8bf4273
definition	SD-REC-PHY-001@1	contracts/camera-observation.md#sd-rec-phy-001--physicalactionrecovery	sha256:e6ee7320976ea6c37872e700487d2e6dc07e1bcceba0f02a6936b82182ae5c81
definition	SD-REC-RBI-001@1	contracts/runtime-binding.md#sd-rec-rbi-001--runtimebindingrecovery	sha256:fc9beb84563b7ec007a8c29541eb8d31ed992f1bd17b09c2314e2658cc79e378
definition	SD-REC-RST-001@1	contracts/migration-and-restart.md#sd-rec-rst-001--runtimerestartrecovery	sha256:a5dd9c7c2e303b4bdf965b8fcc55750ac8470d3d8cddae45c697b9a7b546cfa3
definition	SD-REC-TOL-001@1	contracts/finite-conversation.md#sd-rec-tol-001--tooloperationrecovery	sha256:ef4354982c5021b057db395df913a3963df94ebebeb67366062d6a9edbf625a3
definition	SD-RUL-ACO-001@1	contracts/acoustic-interaction.md#sd-rul-aco-001--decidewakeacceptance	sha256:682046635ef4de6d42cb3bac0eca0ffb23701579e21349a1ddd6f79f3a69ec86
definition	SD-RUL-ACO-002@1	contracts/acoustic-interaction.md#sd-rul-aco-002--decideacousticspandisposition	sha256:04499bce6d38e952d4ec4fea9149a94c961d496971a15f1fb267808dc91084cd
definition	SD-RUL-ACO-003@1	contracts/acoustic-interaction.md#sd-rul-aco-003--decideonewakecommand	sha256:83368dbb91308a289d95cb97a9ab85d59758d154cb734fa5608e50932fd9dfc1
definition	SD-RUL-ACO-004@1	contracts/acoustic-interaction.md#sd-rul-aco-004--decidevoicecontrolcandidate	sha256:40008b4479ac9c9a89a84ea00a38219b3fffbdc95923b77e77362a61cb82adc1
definition	SD-RUL-ACO-005@1	contracts/acoustic-interaction.md#sd-rul-aco-005--validatespeechacousticbinding	sha256:ba6a8793efa2da4b9f2f6c754b2636859be54dc19da725b33fc0ff7eb4c5d986
definition	SD-RUL-ACO-006@1	contracts/acoustic-interaction.md#sd-rul-aco-006--decideacousticrecovery	sha256:95254441302fc08e923b7bc651d012c87eaeef84d080b9f55c36d10b0d73636c
definition	SD-RUL-ACO-007@1	contracts/acoustic-interaction.md#sd-rul-aco-007--validateacousticpolicyrevision	sha256:51086d764e1c3351cb28c9c16dfcc2b041bfb981c3308e16da57f884b7d0cca2
definition	SD-RUL-ACO-008@1	contracts/acoustic-interaction.md#sd-rul-aco-008--decideprerollselection	sha256:88894fd2b07a709f7dc29398790cbf6955ee4f5ee4fee42905a6831d8444eac5
definition	SD-RUL-ACO-009@1	contracts/acoustic-interaction.md#sd-rul-aco-009--buildacousticgraphcontribution	sha256:f6773a954ad4c87fb85d7ff1ba3e1dadb39d4ebd3c63cf125f22863a71b1c17c
definition	SD-RUL-ACO-010@1	contracts/acoustic-interaction.md#sd-rul-aco-010--decideacousticoccurrencewinner	sha256:756a8520f1f67fb6444b0c75257c2dfa5b605a8ea6bf9b817979c4e34b4e46ac
definition	SD-RUL-ACO-011@1	contracts/acoustic-interaction.md#sd-rul-aco-011--decidepostwakecollection	sha256:8a8c4fbcb4b806dafec3de7cf5f1f37b8a7a59e680b8c4aafceb994615ea8f3a
definition	SD-RUL-ACO-012@1	contracts/acoustic-interaction.md#sd-rul-aco-012--classifywakepromptoutcome	sha256:dbae120656dd4283a42392623de791e0b9386babd403bac9654181ad09eaee66
definition	SD-RUL-AGT-001@1	contracts/finite-conversation.md#sd-rul-agt-001--bindagentturn	sha256:30d4ab26318950ff021ec38e27176f95faea6f5183e463c73844f8bc377bfef4
definition	SD-RUL-AGT-002@1	contracts/finite-conversation.md#sd-rul-agt-002--validateagentproposal	sha256:bb7325686e69acef33ea09fb8e80e565e8bf1e925cedaf6903fca3649279d85c
definition	SD-RUL-AGT-003@1	contracts/finite-conversation.md#sd-rul-agt-003--decideagentcancellation	sha256:b56702aac7e7c34d803be770edb0c983c3047df5757fa71a65d6de751ae35405
definition	SD-RUL-AGT-004@1	contracts/finite-conversation.md#sd-rul-agt-004--decidethreadreset	sha256:98090ba6070cbe1d0ac8f8e320c70d331e9dc7fc392584d71769584a4d7fcde6
definition	SD-RUL-AGT-005@1	contracts/finite-conversation.md#sd-rul-agt-005--validatetransferauthorization	sha256:47476a916c0ec125cb6dd99b47824e07d038e7565f58ffe8cc3becd143385122
definition	SD-RUL-AGT-006@1	contracts/finite-conversation.md#sd-rul-agt-006--resolveagentterminalrace	sha256:19b9bbcaccd6a1ec062a2271998d55533d68c6f89f6f54e4a74b9a16ab7f3e02
definition	SD-RUL-AGT-007@1	contracts/finite-conversation.md#sd-rul-agt-007--validatecodexappserverreadiness	sha256:ba653b02b3111acfa3e1b6b5d1042946a92c824ec9ef7c7584d206ccadaa79a3
definition	SD-RUL-AGT-008@1	contracts/finite-conversation.md#sd-rul-agt-008--decideagentruntimebindinguserelease	sha256:b5c4793aa482f5b2a819d0b8f41e3fe26d0b3c475db8f92fba48ab4db146097c
definition	SD-RUL-AGT-009@1	contracts/finite-conversation.md#sd-rul-agt-009--resolveagentturnuncertainty	sha256:663fc4739cce50c9e5c5cb5b1a0f13e3ce6452a93cd74c75ec5279a217aa5b33
definition	SD-RUL-AGT-010@1	contracts/finite-conversation.md#sd-rul-agt-010--resolvethreadresetuncertainty	sha256:cde4ebac14d9a88c90bba943fdce813e70e0e114b93749b2d3384a62fc42c528
definition	SD-RUL-AGT-011@1	contracts/finite-conversation.md#sd-rul-agt-011--admitexplicitcontinuityrestart	sha256:f3af165e3390dc952dd1c14da29320209edcf9cdcc28064f262e7d784e3d999c
definition	SD-RUL-ART-001@1	contracts/camera-observation.md#sd-rul-art-001--validateartifactforinterpretation	sha256:b9f7f9421bbd569296f39997e24212aecaf281c702e3c909b0170390a4a5d272
definition	SD-RUL-ART-002@1	contracts/camera-observation.md#sd-rul-art-002--decideartifactcleanup	sha256:3eafd038dceea34e82627fca2360c6cd30d9182d8f51a51e1650faada49a34e3
definition	SD-RUL-BRP-001@1	contracts/routing-policy.md#sd-rul-brp-001--resolvebehaviorroute	sha256:be1d878e1c1e66bc93f0643c6eb49813af52d62b906d21bf73b5c916b6f24ffe
definition	SD-RUL-CAM-001@1	contracts/camera-observation.md#sd-rul-cam-001--plancameraobservation	sha256:4416e7ca547a3ddd8f9ab494f03a2af2cd78cbfcefcb917838ace2d439637da3
definition	SD-RUL-CAM-002@1	contracts/camera-observation.md#sd-rul-cam-002--buildcameradispatcheffect	sha256:22d3380b68209a95cae033483862f10c8664880d7c3f4880aafbb4df7344d60e
definition	SD-RUL-CFG-001@1	contracts/configuration-application.md#sd-rul-cfg-001--validateconfigurationschema	sha256:a05ab7665b102d077f4f2967ec9f65192188dca379c03bb337f663a1db532ce2
definition	SD-RUL-CFG-002@1	contracts/configuration-application.md#sd-rul-cfg-002--resolveconfigurationlayers	sha256:bf299a2384f928404b7a9a50f7c8186da8cbbf2f53356abf4c1ef5747300a874
definition	SD-RUL-CFG-003@1	contracts/configuration-application.md#sd-rul-cfg-003--validateconfigurationsafety	sha256:c3a35c81ac519fd220e8867cc4fbd7d4ea670fdfada414cd4ea5d1e6080e5639
definition	SD-RUL-CFG-004@1	contracts/configuration-application.md#sd-rul-cfg-004--planconfigurationapplication	sha256:0b61362c504ad43c85504d88c7d1e01fa8d9597fc81d850f36c90a1ec104550f
definition	SD-RUL-CFG-005@1	contracts/configuration-application.md#sd-rul-cfg-005--composeeffectiveconfigurationsnapshot	sha256:7dba177f17b67d250b2c05b5d0c7abdedf9e29730eeee0d7634e9394b699afb1
definition	SD-RUL-CFG-006@1	contracts/configuration-application.md#sd-rul-cfg-006--resolveconfigurationpersistencerecovery	sha256:f567c5979fbdcda17614d7aa6e730d504ac4f186fb226e23a84e61958557df9a
definition	SD-RUL-CFG-007@1	contracts/configuration-application.md#sd-rul-cfg-007--decideatomicgroupactivation	sha256:0d9d844c8b4eb57340a38dee67cda4fb890e37825b2f2ffe81b794a1d96fb5bb
definition	SD-RUL-CNV-001@1	contracts/finite-conversation.md#sd-rul-cnv-001--decideautosave	sha256:8234c4101a3546b620a1413713785d43478bc247cafbf38f0c1f0e0bb026e06c
definition	SD-RUL-CNV-002@1	contracts/finite-conversation.md#sd-rul-cnv-002--decideconversationtermination	sha256:c0698a286ceeaee286df098153d0230e883a94df3965a7a7b99ed6a481a2bfea
definition	SD-RUL-CNV-003@1	contracts/finite-conversation.md#sd-rul-cnv-003--buildconversationdispatcheffect	sha256:4259fea05f186b43884d31680ba11fa743dcb00f0092bbd353181bcd6cb3cc55
definition	SD-RUL-CNV-004@1	contracts/finite-conversation.md#sd-rul-cnv-004--buildterminalconversationpath	sha256:4fe53e0cac44adf35ac3f5ff3af2b9eb73a8a7c760f99e6698e8d99ae7751a7e
definition	SD-RUL-CNV-005@1	contracts/finite-conversation.md#sd-rul-cnv-005--buildfiniteconversationresumecontribution	sha256:2047fe7f4846f099c2cfded9689cdb02d6a0148ea73f41480c521bb84ba2eccf
definition	SD-RUL-CNV-006@1	contracts/finite-conversation.md#sd-rul-cnv-006--buildnextfiniteconversationsafecheckpoint	sha256:093fdaa13ec03b0f7471fd5986d797ab13134b2eaec1da6a298087588e8b0c4b
definition	SD-RUL-CNV-007@1	contracts/finite-conversation.md#sd-rul-cnv-007--mapfiniteconversationresumeclaimrejection	sha256:abcfd6e733c574547834023fe878bf6f748bd8b0a2ffad629fa16455ff9588ae
definition	SD-RUL-DAT-001@1	contracts/camera-observation.md#sd-rul-dat-001--deriveandauthorizedata	sha256:bef483757a84f751569dad414b671b56585fd8de0602fd227e890d1a38de3485
definition	SD-RUL-DEX-001@1	contracts/camera-observation.md#sd-rul-dex-001--authorizereferencedevicedispatch	sha256:f9cc104e4a95f26690642fc83359ff034a684f22a8c05df3f6d3d66d13c91317
definition	SD-RUL-EXE-001@1	contracts/execution.md#sd-rul-exe-001--determinereadyoccurrences	sha256:c4259c267d8b477ac95a4e3d03276a8f7696ab819b35f4b3519e857bdbbadfc6
definition	SD-RUL-EXE-002@1	contracts/execution.md#sd-rul-exe-002--decidedispatchclaim	sha256:9bd412f9db483dc8a9af1f6a1efa3810e3da963f5107101d08a23a1091fd49b8
definition	SD-RUL-EXE-003@1	contracts/execution.md#sd-rul-exe-003--deciderecoverycustodyresolution	sha256:60d095af4f9141707e26db2046ad28e6edae51ae2840a728b161d90745aa1ba2
definition	SD-RUL-EXE-004@1	contracts/execution.md#sd-rul-exe-004--validateexecutionresumeplan	sha256:3a0cc9a8fdec212237a85380cb4ceb557794fe863ed980951d5656efcf2fe5ac
definition	SD-RUL-EXE-005@1	contracts/execution.md#sd-rul-exe-005--decidecheckpointresumeclaimoutcome	sha256:02de1fd155c9b92ff9d63735a25c1746d4a3a031ea299f722b76590928da0df0
definition	SD-RUL-EXE-006@1	contracts/execution.md#sd-rul-exe-006--validateinitialexecutionlineageadmission	sha256:3a973da5d7bf104450ed6b8dfe9b056ab146824d5733d0f91ee029c7085dc4f3
definition	SD-RUL-EXE-007@1	contracts/execution-acoustic-v2.md#sd-rul-exe-007--validateacousticgraphcontribution	sha256:1210ff86c99d0857d9157990501cce25228439c400199b16b8121a014f94bb76
definition	SD-RUL-EXE-008@1	contracts/execution-acoustic-v2.md#sd-rul-exe-008--validateexecutionsnapshotv1tov2migration	sha256:75a37e3e593501b95102856587ed4b72ffbc408373772c2fbc3a2a838b1b2e4b
definition	SD-RUL-EXE-009@1	contracts/execution-acoustic-v2.md#sd-rul-exe-009--decideexecutionmigrationcontrol	sha256:14f875e9fceea5d095da16ef304f697562dafd41d44dce5abd24a3ceb52f9bee
definition	SD-RUL-EXE-010@3	contracts/execution-revision-3.md#sd-rul-exe-010--validateclosedtopologyr3	sha256:8cbc82a0210c030344106d2ed6857b28a6123328a54c832603fdfde03f2e8cc1
definition	SD-RUL-EXE-011@3	contracts/execution-revision-3.md#sd-rul-exe-011--determinereadyoccurrencesr3	sha256:e4498459f48cbd11a61ec567fc3799b26bad99201f286e767347999df20119b8
definition	SD-RUL-EXE-012@3	contracts/execution-revision-3.md#sd-rul-exe-012--decideatomicdispatchclaimr3	sha256:3deefffd4de4836c530cebb7925921cbb9ed464bd09d0fac898ac36ebe5ff8f5
definition	SD-RUL-EXE-013@3	contracts/execution-revision-3.md#sd-rul-exe-013--classifyexecutiondeadliner3	sha256:d41f150b4d1161af72e0a45a17fc3cfc703c061d29042669737e222cbe6a2865
definition	SD-RUL-EXE-014@3	contracts/execution-revision-3.md#sd-rul-exe-014--validatev2tor3migration	sha256:a904c79a5c9ace9c858a63623b5a6750d7bc27a46f3b24d35a0084b464de6eaa
definition	SD-RUL-EXE-015@3	contracts/execution-revision-3.md#sd-rul-exe-015--decidedispatchrecoveryr3	sha256:e56de8fe8219488f21357d7939c0d2b5352dbc174df188d4f57106beb054b1fd
definition	SD-RUL-EXE-016@3	contracts/execution-revision-3.md#sd-rul-exe-016--decideexecutioncancellationr3	sha256:b57a2811e142ebb4c79cdb369d3956e572d244a1faa1c767abb052104d77a822
definition	SD-RUL-EXE-017@3	contracts/execution-revision-3.md#sd-rul-exe-017--decideexecutionmigrationr3	sha256:bde1a41f865cf2765519db83e05470db02a2845d21fa132878fe9bef8eb39462
definition	SD-RUL-EXE-018@3	contracts/execution-revision-3.md#sd-rul-exe-018--materializev2operationalstater3	sha256:5ec65939c26bc8d648204e5c65e68f6f92a93428d8e0cb75abbfc4f4dc00e9b1
definition	SD-RUL-EXE-019@3	contracts/execution-revision-3.md#sd-rul-exe-019--decidenamedintervalleaseuser3	sha256:e4eda7c4064f2f78cc25f4dfd3e71a07e70ca4c7ce7d1ae3fe76d57589c5a8ed
definition	SD-RUL-INT-001@1	contracts/finite-conversation.md#sd-rul-int-001--decideinteractionadmission	sha256:3cc84357d0e8aba99196aa5b8eebe95c379fa097180b8509e37f981493a2b8f7
definition	SD-RUL-IRP-001@1	contracts/routing-policy.md#sd-rul-irp-001--resolveinferenceroute	sha256:df3df27545da876b764fab5594a6476896060adb190b4e4061eae2dc52fd7db3
definition	SD-RUL-MEM-001@1	contracts/finite-conversation.md#sd-rul-mem-001--planconversationrecall	sha256:06273203c9d561ba14beca47834611b57cbd491e24fea6c458c65d6d74e58dc4
definition	SD-RUL-MEM-002@1	contracts/finite-conversation.md#sd-rul-mem-002--selectrecallrecords	sha256:e1fec7ab11f07647f6ba5ef93b7f51c532040bdeca3803efb4a8a9afe9214689
definition	SD-RUL-MEM-003@1	contracts/finite-conversation.md#sd-rul-mem-003--resolverecallfailure	sha256:e583bb7069d370d3ff6bd55abe2977c618a25a6479b54cda5982a41536d07d89
definition	SD-RUL-MIG-001@1	contracts/migration-and-restart.md#sd-rul-mig-001--validatemigrationplan	sha256:f43b2f1c3acc50228e4f3e0ab0c600a56855afed03ee765021f9d5b39f2bb5eb
definition	SD-RUL-MIG-002@1	contracts/migration-and-restart.md#sd-rul-mig-002--resolvemigrationuncertainty	sha256:534d938c19b9d672af086a177e3ab2e3b102abf263c2fc59643935d3769dd5e2
definition	SD-RUL-MIG-003@1	contracts/migration-and-restart.md#sd-rul-mig-003--decidemigrationstageadvance	sha256:845b49b3dc1ce4b56983f9d8fdc65185961d1b1b3932380ee80743f826a2e79b
definition	SD-RUL-MIG-004@1	contracts/migration-and-restart.md#sd-rul-mig-004--planmigrationrecoverybranchregistration	sha256:09f0a67bc2f42c015eb09f3e7df51904613883b74098f7741ee5cf90dc237b72
definition	SD-RUL-NOT-001@1	contracts/finite-conversation.md#sd-rul-not-001--decidethinkingnotice	sha256:8a88cfc86c6d432088f7ed76494be3b3f862b97ff6c800264fccc366d3685976
definition	SD-RUL-PHY-001@1	contracts/camera-observation.md#sd-rul-phy-001--deriveassumedprogress	sha256:a0250af06166d2bf881658e7dda3d260eaa1f23497575eed447f08919f65e0f9
definition	SD-RUL-QLI-001@1	contracts/finite-conversation.md#sd-rul-qli-001--decidequaliarecovery	sha256:0d8726bf689955c73dd9fd95460c8e7b7d7f91e79502fe9b4e1de1f5cd1c419b
definition	SD-RUL-RBI-001@1	contracts/runtime-binding.md#sd-rul-rbi-001--validatefreshruntimebinding	sha256:1dbfb5288e791dda09aba98144489b4f7ea3881f7da306d1fbac7e1b728bd394
definition	SD-RUL-RBI-002@1	contracts/runtime-binding.md#sd-rul-rbi-002--decidebindinguserelease	sha256:daef1a20f88393d0bf2aa1a18dd1c7b9c781cfb50bee6a25a671d63c61f89445
definition	SD-RUL-RBI-003@1	contracts/runtime-binding.md#sd-rul-rbi-003--decidebindinggenerationdraincompletion	sha256:6c570634d295d773a0d9460af8d90c5dd7c45547a9f4b6fc83362da1a24816bb
definition	SD-RUL-RBI-004@1	contracts/runtime-binding.md#sd-rul-rbi-004--resolveruntimebindinguncertainty	sha256:835b40e71ae502308722ca45dc9152346bc35ecfe19bfd135a93eb425a1a6cce
definition	SD-RUL-RBI-005@1	contracts/runtime-binding.md#sd-rul-rbi-005--validateruntimebindingcandidatestaging	sha256:62fc268a5d9b5b36b0ca56092618bdad30d6ca58732d62d09cf2aaa3262df198
definition	SD-RUL-RBI-006@1	contracts/runtime-binding.md#sd-rul-rbi-006--validatestagedruntimecandidateactivation	sha256:e066cf4aab71813e4c56806cd86de49c4bb8bf591a62adfb692f0323ce1dd18f
definition	SD-RUL-RBI-007@1	contracts/runtime-binding.md#sd-rul-rbi-007--decidepostactivationgenerationdrain	sha256:f6cb09e457bd008f04d9d0afcd61a0b7893fc72145b4c276c19e13b4ad94d24a
definition	SD-RUL-RBI-008@1	contracts/runtime-binding.md#sd-rul-rbi-008--authorizeruntimecandidateprobestrategy	sha256:4d9146a33d457008e5cee58798b3ebeaf88aa8b6f79cf5c23a1ac0f359495004
definition	SD-RUL-RBI-009@1	contracts/runtime-binding.md#sd-rul-rbi-009--decideruntimebindingcandidateknownfailure	sha256:c1e84d65616ed60155e7701c7d47d9c8d757aa1a3e73d6ca51eb0d122529f842
definition	SD-RUL-RBI-010@1	contracts/runtime-binding.md#sd-rul-rbi-010--resolveruntimebindingcandidatecleanup	sha256:95a078a7eb44a02654d84e7e8ba894f0d24169ef09683e59061014f86593bca0
definition	SD-RUL-RCP-001@1	contracts/runtime-binding.md#sd-rul-rcp-001--validateruntimecandidateprobeprofileregistration	sha256:8e1b103f90358bc728acd0922b8a0718f38f018e38339b0d8f28f90fe6207ec8
definition	SD-RUL-RCP-002@1	contracts/runtime-binding.md#sd-rul-rcp-002--decideruntimecandidateprobeprofileproofpromotion	sha256:bf8b5c77c069a40ecbd8901c166f6922817aafa9c64b6c1aabe51125f4d25f61
definition	SD-RUL-RCP-003@1	contracts/runtime-binding.md#sd-rul-rcp-003--decideruntimecandidateprobeprofileretention	sha256:a902e0a0b731b5fa63fe29f51754dba320e757ce614c7fc59f6d2620da57f79e
definition	SD-RUL-RCP-004@1	contracts/runtime-binding.md#sd-rul-rcp-004--authorizeruntimecandidateprobeprofileingress	sha256:56378b98f82ec818e9a81a71b93bc10d40e4fed0a1f5a04b8f40b7828170f367
definition	SD-RUL-RCP-005@1	contracts/runtime-binding.md#sd-rul-rcp-005--validateruntimecandidateprobeproofevidence	sha256:69c549080a3c86cbbd18804bd0a024cf91b877240e505469ec49ca16b568a307
definition	SD-RUL-REC-001@1	contracts/camera-observation.md#sd-rul-rec-001--decidephysicalrecovery	sha256:633ebfb65655399bfa6cb52dc9552f69e5a23ab4ebd2a559280cfc46f798891a
definition	SD-RUL-RST-001@1	contracts/migration-and-restart.md#sd-rul-rst-001--decideruntimerestartreadiness	sha256:9fac05a18459f971187f06d2d8caa32c6160e78c5326bb8c60617a9a22231138
definition	SD-RUL-RST-002@1	contracts/migration-and-restart.md#sd-rul-rst-002--planactiveworkhandoff	sha256:3bb2563a5aea4bc47b52e400c2fd7dd8a6eb8192250d79b96ffac9a5cc29d4b4
definition	SD-RUL-RST-003@1	contracts/migration-and-restart.md#sd-rul-rst-003--resolveruntimerestartuncertainty	sha256:4ba8791caf7305b10cdec13ba9e23f775639f401ae553bce1345f9b025cbe558
definition	SD-RUL-RST-004@1	contracts/migration-and-restart.md#sd-rul-rst-004--decideactiveworkhandoffrelease	sha256:3b43f7a58d0040c68c94a54a1ddc1d0d5e49c78385c99ea27bbbf91e89d95d02
definition	SD-RUL-RTE-001@1	contracts/routing-policy.md#sd-rul-rte-001--decideroutingrevisionuserelease	sha256:2da4ad4bef15e652ced0be32f667de75ea56afddf28479c5cce93efed0c95835
definition	SD-RUL-TIM-001@1	contracts/camera-observation.md#sd-rul-tim-001--resolvestartconfirmationrace	sha256:5bf04817a99fc3cec9bf090f9649a321e4211b069b55c7242b8a3a65de6282bf
definition	SD-RUL-TOL-001@1	contracts/finite-conversation.md#sd-rul-tol-001--resolvetoolterminalrace	sha256:bb4892002069ec3e39e58db84a634b5a9cc16f76db26f40d0fa82115b4fe5f91
definition	SD-RUL-TOL-002@1	contracts/finite-conversation.md#sd-rul-tol-002--validateskillexecutiongrant	sha256:2342381c57eed1285075a19780e1611486d2f88b95530eef28277cd9c71708e3
definition	SD-RUL-TOL-003@1	contracts/finite-conversation.md#sd-rul-tol-003--resolvetooloperationuncertainty	sha256:a791b6b76237f5f082c254d048a450d3c1138a7b1d4401d36236480480272bec
definition	SD-STA-ACO-001@1	contracts/acoustic-interaction.md#sd-sta-aco-001--acousticstate	sha256:6b31ecec20c4387c31ec4cf00182258d01a1b724ce3ee92a9084b3274af56400
definition	SD-STA-AGT-001@1	contracts/finite-conversation.md#sd-sta-agt-001--agentsessionstate	sha256:124e3fe7d753962f2e12edd32b24419d438f23f140c49a03a7f229e815e11d8e
definition	SD-STA-ART-001@1	contracts/camera-observation.md#sd-sta-art-001--artifactlifecyclestate	sha256:390359c591862a7e1553237d5da36eb4f2b78ffc4707421596d75deef39d9017
definition	SD-STA-AUT-001@1	contracts/configuration-application.md#sd-sta-aut-001--authorizationpolicystate	sha256:17248b46e94a1579d6d0aec7fdf7cd847779cf1926de644b39e5453ca5060207
definition	SD-STA-BRP-001@1	contracts/routing-policy.md#sd-sta-brp-001--behaviorroutingpolicystate	sha256:90e343db47d517925c8258cc175f59d24aa1c3ba7ddcef9d093e9eb72b8c8d6e
definition	SD-STA-CFG-001@1	contracts/configuration-application.md#sd-sta-cfg-001--configurationdocumentstate	sha256:793f92f44098f21f785e783f875173b0567b2980a374475f45537552c8757f52
definition	SD-STA-CFG-002@1	contracts/configuration-application.md#sd-sta-cfg-002--configurationapplicationstate	sha256:2192833c429f54dae92c1ddde0ebe0db94f2a7de8a38749313eedd48520dae2e
definition	SD-STA-CNV-001@1	contracts/finite-conversation.md#sd-sta-cnv-001--conversationstate	sha256:e4d6de5a2e2e30b24d38c27fb8578b69f6ca3f18e093826c6145bfebb87056d1
definition	SD-STA-DAT-001@1	contracts/camera-observation.md#sd-sta-dat-001--dataclassificationstate	sha256:fa847fb8ae0ca19d02524cd361ec63b21f09572636f9f800bcfcd5908929cc27
definition	SD-STA-DEV-001@1	contracts/runtime-binding.md#sd-sta-dev-001--deviceruntimestate	sha256:e8ffd94cb40066d377ca7126764b8b01e13f6ca63c08b9ca6d96fb4fdab89fa3
definition	SD-STA-DEX-001@1	contracts/camera-observation.md#sd-sta-dex-001--devicetestexclusionstate	sha256:ebacf1a5e9f24abbb8ee63dea1897d491116f3c3e5543ca02a367eff7d7b2661
definition	SD-STA-DPF-001@1	contracts/runtime-binding.md#sd-sta-dpf-001--physicalcapabilityprofilestate	sha256:af8f19c7f31aca1e5f67089320c865fbbc125be9486b3aecc6b432adad33743d
definition	SD-STA-EXE-001@1	contracts/execution.md#sd-sta-exe-001--executionstate	sha256:4731c227b835c7c49a52d4c76e2bace0f0674cb88468a3564eca6a1d2189370f
definition	SD-STA-EXE-002@2	contracts/execution-acoustic-v2.md#sd-sta-exe-002--executionstatev2	sha256:c696cb1452a46e9a3e2359486180475ca0d5a57441b8bd52cb3b2b91ce516abf
definition	SD-STA-EXE-003@3	contracts/execution-revision-3.md#sd-sta-exe-003--executionstater3	sha256:2859de786e17898083c3493f33c875ee2f45b71d1ef0af881659b3ea2781fa82
definition	SD-STA-INT-001@1	contracts/finite-conversation.md#sd-sta-int-001--interactionstate	sha256:1c20732cab3645758ca810815b7240664bf530e02751d390635ec04239bd6516
definition	SD-STA-IRP-001@1	contracts/routing-policy.md#sd-sta-irp-001--inferenceroutingpolicystate	sha256:50a9cfa06c543e006c1b76297fae4e6c7b934ca8a3404f5a08984288569e713c
definition	SD-STA-MBP-001@1	contracts/runtime-binding.md#sd-sta-mbp-001--memoryproviderruntimestate	sha256:11840ebdbb8621924286744d3b4578a4c074b558f5943536af80d11eaa8d67a3
definition	SD-STA-MEM-001@1	contracts/finite-conversation.md#sd-sta-mem-001--memorystate	sha256:ac8234b0cfb70cc31d74d1c796b9ede58cabf9a1d19ccf9ca158ca14b02d7007
definition	SD-STA-MIG-001@1	contracts/migration-and-restart.md#sd-sta-mig-001--migrationstate	sha256:d7f1d95cd5e728142629bd3c07c61b8e00f786b702a8937e758750370a3b55cc
definition	SD-STA-NOT-001@1	contracts/finite-conversation.md#sd-sta-not-001--notificationpolicystate	sha256:333be0846fe7b0c135165a7fb820afff77b09a76c37379d9bf171395e1e45c19
definition	SD-STA-PAP-001@1	contracts/camera-observation.md#sd-sta-pap-001--physicalactionpolicystate	sha256:1cb1f8eb322ae6abf9723100a02b0faae62f87079b443db894a3b416f9476372
definition	SD-STA-PHY-001@1	contracts/camera-observation.md#sd-sta-phy-001--physicalobservationstate	sha256:447dd79a101cdae25f7989d53ac5d7f30adfe8c29510408b32c8aa7eed56a803
definition	SD-STA-PRV-001@1	contracts/runtime-binding.md#sd-sta-prv-001--inferenceproviderruntimestate	sha256:fcd09aa51775a0b7dce1653996cf754d220584149b753b00a2f4e1a9ccca6273
definition	SD-STA-QLI-001@1	contracts/finite-conversation.md#sd-sta-qli-001--qualiastate	sha256:08960b3df57fe37c4dada2429b597c685a3b85121759bd9ad19e03bbd28def2f
definition	SD-STA-QPR-001@1	contracts/runtime-binding.md#sd-sta-qpr-001--qualityprofilestate	sha256:ce49e3039fe64a0ca028861415c1b0284e2c769c24072dbae901576a9ab37cb1
definition	SD-STA-RCP-001@1	contracts/runtime-binding.md#sd-sta-rcp-001--runtimecandidateprobeprofilestate	sha256:dc7034ac8aaeaec19ee4e6261f438592dd93e94e9c0ac6e00c3bf10ea28ee543
definition	SD-STA-RST-001@1	contracts/migration-and-restart.md#sd-sta-rst-001--runtimerestartstate	sha256:10cb2857e63f66d22ecdfa55efb92fc0829221853aa167f1e14d4ebe14842269
definition	SD-STA-SBR-001@1	contracts/runtime-binding.md#sd-sta-sbr-001--sbertruntimestate	sha256:e755d93d9b2097e750ddbeb40761d835d09f3d58840a2f2a1edd9bac947f1945
definition	SD-STA-SRC-001@1	contracts/runtime-binding.md#sd-sta-src-001--sourceruntimestate	sha256:3dcc051a85b604ef739c809db0ba86b89900641550db9da1249aef5b9c170be6
definition	SD-STA-STT-001@1	contracts/runtime-binding.md#sd-sta-stt-001--sttruntimestate	sha256:582fba5c1425ed7c9bbe1db2968380afac6fb361239eae33a5642377c83729b7
definition	SD-STA-TTS-001@1	contracts/runtime-binding.md#sd-sta-tts-001--ttsruntimestate	sha256:b08f5c31238ad3549a72d258f0b8ae0c87007d6c5aa030101ad550b93703be06
definition	SD-STA-WAK-001@1	contracts/runtime-binding.md#sd-sta-wak-001--wakeruntimestate	sha256:935b7bc0ab603a9c44143c50655ae7315764bd51823c28789051e97f32fed596
definition	SD-TRN-ACO-001@1	contracts/acoustic-interaction.md#sd-trn-aco-001--applywakeacceptance	sha256:3585b179d7cd6d22a76b0804320a263521454829c17dcdb12d96174bf97474ce
definition	SD-TRN-ACO-002@1	contracts/acoustic-interaction.md#sd-trn-aco-002--applysourceandguardobservation	sha256:34d1968f463b176a0fb3a8a0e709a24c647ca86ad7f4c821c08ab8fb8b57eee8
definition	SD-TRN-ACO-003@1	contracts/acoustic-interaction.md#sd-trn-aco-003--applyonewakecommanddecision	sha256:abb24c027a4fbc24778c884873ec3f9104cc5a104bd34ce09cf4d7c33322991c
definition	SD-TRN-ACO-004@1	contracts/acoustic-interaction.md#sd-trn-aco-004--applyvoicecontroldecision	sha256:bf06e48fd282e920908298a599684872f61d94017c6022eb0b203aff59956066
definition	SD-TRN-ACO-005@1	contracts/acoustic-interaction.md#sd-trn-aco-005--applysourcerecoverydecision	sha256:ad0ef25e23147356353a9f830ba28a06e995465746ab46c40dbff6d42e40a6d4
definition	SD-TRN-ACO-006@1	contracts/acoustic-interaction.md#sd-trn-aco-006--applyacousticpolicyrevision	sha256:5ab02d84be5c883b50cafb75d067c1407a954f3c55fc5beb28576d0cd4612299
definition	SD-TRN-ACO-007@1	contracts/acoustic-interaction.md#sd-trn-aco-007--applyprerollselection	sha256:45e4d7c84a26aef79905761c15a665b35cc2db1040c80f766a8f2ace1b90012a
definition	SD-TRN-ACO-008@1	contracts/acoustic-interaction.md#sd-trn-aco-008--applyacousticoccurrencewinner	sha256:8619f37e52d27a15748617682ef3c152c05bfb067e60d9733f59105f3c360ca9
definition	SD-TRN-AGT-001@1	contracts/finite-conversation.md#sd-trn-agt-001--applyagentbinding	sha256:c74d2b376517bceed533dbafd661501cca862f04e1097b3e56477cc81080d6f9
definition	SD-TRN-AGT-002@1	contracts/finite-conversation.md#sd-trn-agt-002--applythreadresetbarrier	sha256:2662df122e35bbd4920d5d1cbf9f766d98805c9aa072193bb7fae229aedbdd46
definition	SD-TRN-AGT-003@1	contracts/finite-conversation.md#sd-trn-agt-003--applyfreshcontinuitybinding	sha256:4d2966346b94f481398ccda3f1ef9a1f9978773e14db6034bfb9967bd2c7817e
definition	SD-TRN-AGT-004@1	contracts/finite-conversation.md#sd-trn-agt-004--applythreadcompactionresult	sha256:7db80c6d541b3189bc2c14df4e0d8b1d8fc6036458191acf48652e026c70aa2d
definition	SD-TRN-AGT-005@1	contracts/finite-conversation.md#sd-trn-agt-005--applyagentroutegap	sha256:d46fb80047d1b9801a18afdf689c252900296bb78ca9d4e93ce99ba1a8abc76c
definition	SD-TRN-AGT-006@1	contracts/finite-conversation.md#sd-trn-agt-006--applyagentterminalwinner	sha256:4583a71f7a0464ac364e09421810387a8ea40c95f9e2bcbd6b5d7a1c06006840
definition	SD-TRN-AGT-007@1	contracts/finite-conversation.md#sd-trn-agt-007--applycodexappserverruntimeobservation	sha256:d680394d63760d25dc04638bafb7a066f4ed0afe3b793340239a477783eeb4af
definition	SD-TRN-AGT-008@1	contracts/finite-conversation.md#sd-trn-agt-008--applyagentruntimebindinguse	sha256:318087ba5bb797567cab4c01a42eaccdfbd1588abaf28feb884356e13c5ed9e5
definition	SD-TRN-AGT-009@1	contracts/finite-conversation.md#sd-trn-agt-009--applyagentturnrecoveryobservation	sha256:edac6ed1938999590d5ed2625bd5a3a88f00b067fb3b9ea9a8f021b673e928b7
definition	SD-TRN-AGT-010@1	contracts/finite-conversation.md#sd-trn-agt-010--applythreadresetrecoveryobservation	sha256:3447f4b5f925ccb7e5ae07dca4d0dff192efb277edfc79521fcdba691548dcd9
definition	SD-TRN-AGT-011@1	contracts/finite-conversation.md#sd-trn-agt-011--applyagentturnrecoveryresolution	sha256:8e5c5e83efd12b79385c33935985b34ecc97dbc67dfda8f3effd362cd74755bb
definition	SD-TRN-AGT-012@1	contracts/finite-conversation.md#sd-trn-agt-012--applythreadresetrecoveryresolution	sha256:d4b4efba77c36218823c52904c9a65c2e0f4aeb4629fdb33fa8ce5c7e4b65a48
definition	SD-TRN-AGT-013@1	contracts/finite-conversation.md#sd-trn-agt-013--beginexplicitcontinuityrestart	sha256:6ac12c6f9945fc19001c6a6b65e60b8ea38fff3d97db01b8ae7e8d9c65b07ca2
definition	SD-TRN-ART-001@1	contracts/camera-observation.md#sd-trn-art-001--reserveartifact	sha256:33948230671672cada59eb550cdc827c614727010d70406daa3ddebba535d4e0
definition	SD-TRN-ART-002@1	contracts/camera-observation.md#sd-trn-art-002--applyartifactresult	sha256:e273bf19040f56b9b4eef89f4d271d3d0c94ef4e744bdcefb40f7ee879b824a3
definition	SD-TRN-AUT-001@1	contracts/configuration-application.md#sd-trn-aut-001--applyauthorizationpolicyconfiguration	sha256:c4bc012f01c739bd497f1881251eaec1faef8d1212a4ebb5fc35079ba133f970
definition	SD-TRN-BRP-001@1	contracts/routing-policy.md#sd-trn-brp-001--applybehaviorroutingpolicyconfiguration	sha256:e8d4ba16f8212a6abd7e62745ea7735a3edd7b682ae857dbb4ba2c86dce92dbe
definition	SD-TRN-BRP-002@1	contracts/routing-policy.md#sd-trn-brp-002--applybehaviorroutingrevisionuse	sha256:6e3347b56184306d41621a4ee3e0f6cadc41a8f7a53248b6f3890c2d36aa3c19
definition	SD-TRN-CFG-001@1	contracts/configuration-application.md#sd-trn-cfg-001--prepareconfigurationdocumentwrite	sha256:4b085ac3c1afc443d20e0544c8ae35c507411d74c638d25b71b1b5e2434e515b
definition	SD-TRN-CFG-002@1	contracts/configuration-application.md#sd-trn-cfg-002--commitdesiredconfiguration	sha256:060f59ba3b591018ef13a095a67a5c0e49a1ee68de2fb97028e13326326d94f3
definition	SD-TRN-CFG-003@1	contracts/configuration-application.md#sd-trn-cfg-003--applyconfigurationstepresult	sha256:0db80926ff8205808ed56cf48035e69f00f108e7854b9b198c173cd61b1e1c13
definition	SD-TRN-CFG-004@1	contracts/configuration-application.md#sd-trn-cfg-004--applyeffectiveatomicgroupactivation	sha256:e7c880054e0c78e927d1a0c1df813abbbcf3264b2079499902448534679be0d1
definition	SD-TRN-CFG-005@1	contracts/configuration-application.md#sd-trn-cfg-005--cancelconfigurationapplicationtransition	sha256:c4f221f4b55569fcce06e7c40b89147c272338482b6c71516ef1daaa632b1bbc
definition	SD-TRN-CFG-006@1	contracts/configuration-application.md#sd-trn-cfg-006--applyconfigurationrevisionuse	sha256:188b999eb9c0e309855bcfbcc183aaddf285d77ba4edd58a65748dc44633786d
definition	SD-TRN-CFG-007@1	contracts/configuration-application.md#sd-trn-cfg-007--applyconfigurationpersistencerecoveryresolution	sha256:269fef200842eb43bb133ea182e330328fe71272b10e5a1c8efe372e75d8f322
definition	SD-TRN-CNV-001@1	contracts/finite-conversation.md#sd-trn-cnv-001--openconversationturn	sha256:92bb80529bad22588b9fe1ca77baee6aaef54e7a6b97dd1f44d584e1a613abe3
definition	SD-TRN-CNV-002@1	contracts/finite-conversation.md#sd-trn-cnv-002--acceptconversationresponse	sha256:8c2573d95a8ba242387f5b18d3838c5bbd42f4ef4fedb2562120ada353719bcb
definition	SD-TRN-CNV-003@1	contracts/finite-conversation.md#sd-trn-cnv-003--completeconversationturn	sha256:0faf7cab728a7cd0827e57f91abf29354db336d1aac4d957d5d1d4d209d7c461
definition	SD-TRN-CNV-004@1	contracts/finite-conversation.md#sd-trn-cnv-004--consumeproposalbudget	sha256:76e06443b5359d12391cb73e74c2a64e42ef412754d794f696cd045e3fbd8d0d
definition	SD-TRN-CNV-005@1	contracts/finite-conversation.md#sd-trn-cnv-005--applytoolrecoveryobservation	sha256:96224aa6b053210685c1e66010c788d5019b76e0c5474190401623920557b7fc
definition	SD-TRN-CNV-006@1	contracts/finite-conversation.md#sd-trn-cnv-006--applytoolrecoveryresolution	sha256:6a9c95c2ff7b1c96b383f26c4ae9c3ca276e27706d0a1ca3b01ce239132f6b4c
definition	SD-TRN-CNV-007@1	contracts/finite-conversation.md#sd-trn-cnv-007--applyfiniteconversationresumecheckpoint	sha256:287f77fbcd0fb6ea51d2003835266e51388cd6bfcc5d19d01456cf64ac366645
definition	SD-TRN-CNV-008@1	contracts/finite-conversation.md#sd-trn-cnv-008--registernextfiniteconversationsafecheckpoint	sha256:2cc5dee29530daa69f183cebabbab43191da076f07691f6420f30b4e9e52b61b
definition	SD-TRN-CNV-009@1	contracts/finite-conversation.md#sd-trn-cnv-009--applyfiniteconversationresumeclaimrejection	sha256:e6f0ba2cb2847178070a735d654652071e9dea7bcdf4784df8023cf1f799981f
definition	SD-TRN-DAT-001@1	contracts/camera-observation.md#sd-trn-dat-001--recordclassificationdecision	sha256:1d2c4ef3caa2533421d16f4da6cd6e1991c0402be369c4b46d5cc715a5b2b19e
definition	SD-TRN-DAT-002@1	contracts/camera-observation.md#sd-trn-dat-002--applydatapolicyconfiguration	sha256:37d1f2dca0f744685801fef72a813b48f22c67efdcdc5f4678619aba64eae4a5
definition	SD-TRN-DEV-001@1	contracts/runtime-binding.md#sd-trn-dev-001--applydeviceruntimetransition	sha256:0a789bfc23ac1da5bbfd6e0aa1cb26889997f042f24b2b9f9beba54275901543
definition	SD-TRN-DEX-001@1	contracts/camera-observation.md#sd-trn-dex-001--applydevicetestexclusionresult	sha256:939bd8a1cb7e8501350b3353c588d7f3177c9363633bbf4e540b9bc9601c7fa3
definition	SD-TRN-DPF-001@1	contracts/runtime-binding.md#sd-trn-dpf-001--registerphysicalcapabilityprofilerevision	sha256:f4e6ccbd59a2c2d978a02a49f48cd8391474609f307628788be15beb876d9a75
definition	SD-TRN-DPF-002@1	contracts/runtime-binding.md#sd-trn-dpf-002--activatephysicalcapabilityprofilerevision	sha256:c9c201a994ce4c277a7c4e14dfa1589f004d1df14859199162ca0dfcf9f7eb50
definition	SD-TRN-DPF-003@1	contracts/runtime-binding.md#sd-trn-dpf-003--applyphysicalprofilerevisionuse	sha256:f695df64a3f2c8a1b60a6bb4c72a2230c1640c85a9417aeca354d5404b1d4642
definition	SD-TRN-EXE-001@1	contracts/execution.md#sd-trn-exe-001--registergraphandpending	sha256:75b6a132b840ea4938e99f906eb8c44a876202c0bd3535891e02c37a2bb47b24
definition	SD-TRN-EXE-002@1	contracts/execution.md#sd-trn-exe-002--applydispatchclaim	sha256:9346729f0230eb386f0497009b3d70151ec49473a152e66bdce83202b61c2493
definition	SD-TRN-EXE-003@1	contracts/execution.md#sd-trn-exe-003--applyoccurrenceresult	sha256:71ca48f2e64580ae0696d6d3e588f949bf7d4a2ad2882fef4a3af5204c6690d5
definition	SD-TRN-EXE-004@1	contracts/execution.md#sd-trn-exe-004--revokeexecutionsubjectdescendants	sha256:78fe93a2dfd74422d1c42dd8cb452b58ac3f5fbee9d2c87f04eff4775e3018ed
definition	SD-TRN-EXE-005@1	contracts/camera-observation.md#sd-trn-exe-005--applystartconfirmationrace	sha256:803780675ebb3e520cc203053b6c82c5162fcc858e3314d49d7c9d9922d2aab2
definition	SD-TRN-EXE-006@1	contracts/execution.md#sd-trn-exe-006--releaseresourcelease	sha256:65a28f5554fa2dfb28cd727e7b435a80926f37fe66d5dcd14689030b819f9acf
definition	SD-TRN-EXE-007@1	contracts/execution.md#sd-trn-exe-007--applyguardfact	sha256:0b859bf5f1c130a6ba1ecda9326a820d08d1854cebf661d18876358c821e1ef8
definition	SD-TRN-EXE-008@1	contracts/execution.md#sd-trn-exe-008--applycompetingoccurrencewinner	sha256:0b0aa8a64e996ed36e1bcdfc4f6fb70ca946cd327813812278e24ae4c9224c3c
definition	SD-TRN-EXE-009@1	contracts/execution.md#sd-trn-exe-009--advanceguardfactlifecycle	sha256:0de93acaee1375e34bf76958a78ca7a1646e2491ad81b0e5b211bff5855c332e
definition	SD-TRN-EXE-010@1	contracts/execution.md#sd-trn-exe-010--transferresourceleasetorecoverycustody	sha256:e1f5d2f0d1263af353a2ca5f6aa5aeb67307010812184afe150ce6c36c9f1439
definition	SD-TRN-EXE-011@1	contracts/execution.md#sd-trn-exe-011--applyrecoverycustodyresolution	sha256:98f45f988611de2d115e2c9ab73d39225ed78fbcd5a1da247e7589a01846dab1
definition	SD-TRN-EXE-012@1	contracts/execution.md#sd-trn-exe-012--finalizerecoverycustody	sha256:8ee43f3437590f612737814118ba1cf61c8d05bfffbb474be4474e9ad1f1baac
definition	SD-TRN-EXE-013@1	contracts/execution.md#sd-trn-exe-013--applyexecutionresumeplan	sha256:2f205667181b64f11afe4e3e41c876eb480b6300b60301bc72a7228e2e81bd6f
definition	SD-TRN-EXE-014@1	contracts/execution.md#sd-trn-exe-014--applycheckpointresumeclaimoutcome	sha256:a0326e87dbe6cd6c8f114e14358c2b01e35dfc5f3511064f9eb03a904b897e80
definition	SD-TRN-EXE-015@1	contracts/execution.md#sd-trn-exe-015--initializeexecutionlineage	sha256:89dfdf104e98a358296d14811a9381427449d106e4a32be40c87be45e60e9935
definition	SD-TRN-EXE-016@1	contracts/execution-acoustic-v2.md#sd-trn-exe-016--extendacousticeffectgraph	sha256:bd10ffcb37c30193e620547194570a725baee785c35ca654cae665221c7d4a23
definition	SD-TRN-EXE-017@1	contracts/execution-acoustic-v2.md#sd-trn-exe-017--migrateexecutionsnapshotv1tov2	sha256:f97b4d85fac524edc9f62798d9ac5c78ab6bfc36f25b0ba889d499e8dcc15907
definition	SD-TRN-EXE-018@1	contracts/execution-acoustic-v2.md#sd-trn-exe-018--applyexecutionmigrationcontrol	sha256:37b65b197c780e85ded4169347489404925b602c88098c0ce676395196c2a7fb
definition	SD-TRN-EXE-019@3	contracts/execution-revision-3.md#sd-trn-exe-019--registerorextendtopologyr3	sha256:42f857569e256579e9c599117dc35984f2ae9065cab1596a3d4fe68f045da175
definition	SD-TRN-EXE-020@3	contracts/execution-revision-3.md#sd-trn-exe-020--applyatomicdispatchclaimr3	sha256:31a78d043b6b276f74c69d78eb0cbf3cc058c98a87f7a03be374be6cac93017c
definition	SD-TRN-EXE-021@3	contracts/execution-revision-3.md#sd-trn-exe-021--applyresultordeadliner3	sha256:b91972f25f7b15b30167ae27e078d3cd8cc16fc1d2ffe194978ea60372b1ff6a
definition	SD-TRN-EXE-022@3	contracts/execution-revision-3.md#sd-trn-exe-022--activateexecutionr3	sha256:ccdf5a93bc4a0e10fd10fddf8d6c9f66b1a7e875a7c12371070e366bab310a96
definition	SD-TRN-EXE-023@3	contracts/execution-revision-3.md#sd-trn-exe-023--applydispatchpublicationr3	sha256:62c0f0903a0b556e17d3abc597e2db3580f55603948c4df856e485d3b3e9dc95
definition	SD-TRN-EXE-024@3	contracts/execution-revision-3.md#sd-trn-exe-024--applyexecutioncancellationr3	sha256:d6d730f94c2a045d8980b918b55c1b762eb8190c4ce8df8cdd07f8694fd5416a
definition	SD-TRN-EXE-025@3	contracts/execution-revision-3.md#sd-trn-exe-025--applyexecutionmigrationr3	sha256:87b79f425ff4aa631f1b7317aeb71c864b64641a88f8aadeb8788b5589bf540e
definition	SD-TRN-EXE-026@3	contracts/execution-revision-3.md#sd-trn-exe-026--applynamedintervalleaseuser3	sha256:ffb69f6ed02d6aa550b0de4b4a948d70c628a90cda417a4e7c7ff2de04e56aa0
definition	SD-TRN-INT-001@1	contracts/finite-conversation.md#sd-trn-int-001--applyinteractionadmission	sha256:82d558631847b341e2cd5883e729edda974eace8f98ed694606cca26e2c39514
definition	SD-TRN-INT-002@1	contracts/finite-conversation.md#sd-trn-int-002--applyinteractionterminalresult	sha256:53879c151c845c8964c9993f47bbed3b0ed7712fb96384519607539b30e64f17
definition	SD-TRN-IRP-001@1	contracts/routing-policy.md#sd-trn-irp-001--applyinferenceroutingpolicyconfiguration	sha256:408ea32a134d0cfbcd3aa1740548a84a8ea4fd36d4a235fe7bd030fa9c032a51
definition	SD-TRN-IRP-002@1	contracts/routing-policy.md#sd-trn-irp-002--applyinferenceroutingrevisionuse	sha256:1b3cc93cd64e8598bb6c87de82956c2b83bf1c1ab0371abdea6f184408a073d2
definition	SD-TRN-MBP-001@1	contracts/runtime-binding.md#sd-trn-mbp-001--applymemoryproviderruntimetransition	sha256:2883065bda5ac7789d57531a770a663678a5172a42392c7098463b3bf1be8c06
definition	SD-TRN-MEM-001@1	contracts/finite-conversation.md#sd-trn-mem-001--applyrecallresult	sha256:ca86a9bf45af36fe3af6acae800e572613bf05915acc639d68cfe92e342d4585
definition	SD-TRN-MEM-002@1	contracts/finite-conversation.md#sd-trn-mem-002--applymemorysaveresult	sha256:216f4068adf38372cc9f452eeb0565249f4a9ce1fb71b9d2c0f17cbbf2c2c6e9
definition	SD-TRN-MEM-003@1	contracts/finite-conversation.md#sd-trn-mem-003--beginmemorydelete	sha256:2edea7485f74edbe212eebdf7365d963fbaa948e39eb5584abb1f251ade5f15c
definition	SD-TRN-MEM-004@1	contracts/finite-conversation.md#sd-trn-mem-004--applymemorydeleteresult	sha256:f4b37597201c5391ce3ae2b4559cc28614c4a063850ef6c8e469625fce281ad7
definition	SD-TRN-MEM-005@1	contracts/finite-conversation.md#sd-trn-mem-005--commitmemoryresetbarrier	sha256:f38f3def13a15d1986f708a8cf26f57d7120dd2a1328a62dcf93729a628333c0
definition	SD-TRN-MEM-006@1	contracts/finite-conversation.md#sd-trn-mem-006--applymemoryresetresult	sha256:f15f8a87eba0c0bc65b0ffff5ae5f67ca393406dae89a04d477cc1ba2620802c
definition	SD-TRN-MEM-007@1	contracts/finite-conversation.md#sd-trn-mem-007--beginexplicitmemorysave	sha256:8442f9da07f50c7279be1be7c6cd8ef6cb9bb35b6108d7c75240279c4ca5a5cc
definition	SD-TRN-MEM-008@1	contracts/finite-conversation.md#sd-trn-mem-008--applyexplicitmemorysaveresult	sha256:e35b12b43584afe511bf9683386cb8f78cebc823c68a1b3a749b6c38465967fc
definition	SD-TRN-MEM-009@1	contracts/finite-conversation.md#sd-trn-mem-009--applymemorypolicyconfiguration	sha256:8e7c9ea9d0e5cf392da7a87c49c829333f16034d808b2e76e0294f8c29482a4d
definition	SD-TRN-MIG-001@1	contracts/migration-and-restart.md#sd-trn-mig-001--recordmigrationoperationresult	sha256:2250effcc0ea0144569775ae4d3aee49783fb1bee5c7fd076a726d802f4f984f
definition	SD-TRN-MIG-002@1	contracts/migration-and-restart.md#sd-trn-mig-002--applymigrationrecoveryobservation	sha256:433b1bfa9227496dc222c34f2d1527fd9eb52fed27bed7a36d34af20396e8237
definition	SD-TRN-MIG-003@1	contracts/migration-and-restart.md#sd-trn-mig-003--recordmigrationrecoveryresolution	sha256:2f3b4844d2c4337fb603acdfe9a18b74e69787c93e5bef3225991232b3ae7ddd
definition	SD-TRN-MIG-004@1	contracts/migration-and-restart.md#sd-trn-mig-004--advancemigrationstage	sha256:13c5462a26fc08b1006c22a12817bc015b5486a527b583ed290dfd6d0f88c950
definition	SD-TRN-MIG-005@1	contracts/migration-and-restart.md#sd-trn-mig-005--registermigrationrecoverybranch	sha256:b7245d01d47ea5f9c961f7824dbb59e6347ddfb4915b47548b4302162cf8eda0
definition	SD-TRN-NOT-001@1	contracts/finite-conversation.md#sd-trn-not-001--applynotificationpolicyconfiguration	sha256:21edbf90317953909e98357182e0fe000254f2aff614ff4f8e7132ddf7035cb9
definition	SD-TRN-PAP-001@1	contracts/camera-observation.md#sd-trn-pap-001--applyphysicalactionpolicyconfiguration	sha256:faebb018fb5f9fb93de554f048126222535f396e5ea233ffd82a2fc4f8cdef6d
definition	SD-TRN-PHY-001@1	contracts/camera-observation.md#sd-trn-phy-001--recordphysicalevidence	sha256:be07ea49600da6e619b2760a651c08d92fb5d250ef90a9dea1a6ff389ef60d10
definition	SD-TRN-PHY-002@1	contracts/camera-observation.md#sd-trn-phy-002--applyresourcerecoverydecision	sha256:385bcfaacfd6865b03a5a7ff00ef26db54986e81a1625022318bfc8014b955e0
definition	SD-TRN-PRV-001@1	contracts/runtime-binding.md#sd-trn-prv-001--applyinferenceproviderruntimetransition	sha256:9e9b1b569a7619d7a72606b01ce72c6f5f63ec647805698f90e25d500e007b9c
definition	SD-TRN-QLI-001@1	contracts/finite-conversation.md#sd-trn-qli-001--applyqualialifecycle	sha256:7db95856b37ead2550f5d91c537c4f30d2f112d1ba744bfc866c8f301e181f56
definition	SD-TRN-QLI-002@1	contracts/finite-conversation.md#sd-trn-qli-002--applyqualiarecoverydecision	sha256:595f8a9daddc3231dd417f05cd7bfa45a0e940abd5aac0b02595f96784f3df42
definition	SD-TRN-QPR-001@1	contracts/runtime-binding.md#sd-trn-qpr-001--applyqualityprofiletransition	sha256:9baaea083aa438d87f2215b221a95d5dce3ab8202235662dc336286bcda528a3
definition	SD-TRN-RCP-001@1	contracts/runtime-binding.md#sd-trn-rcp-001--registerruntimecandidateprobeprofilerevision	sha256:28e0b3e0454eabe51f5064383e0c3c08468056d2256c9f2da72ee53fa2e0fd2f
definition	SD-TRN-RCP-002@1	contracts/runtime-binding.md#sd-trn-rcp-002--applyruntimecandidateprobeprofileproofpromotion	sha256:45aa9268aef984b717899bb9d1e351927e92974c9a18594bf14be9cb9b508b1a
definition	SD-TRN-RCP-003@1	contracts/runtime-binding.md#sd-trn-rcp-003--applyruntimecandidateprobeprofilerevisionuse	sha256:37a9ac283ad9d41fb92a60812369f404560fe8b26bc115e23ca80c88e011a181
definition	SD-TRN-RCP-004@1	contracts/runtime-binding.md#sd-trn-rcp-004--collectruntimecandidateprobeprofilerevision	sha256:83087fdb1ef26925311a73a4b51a3485c7bd8c900a65c2de8510b4ca3cbb005f
definition	SD-TRN-RCP-005@1	contracts/runtime-binding.md#sd-trn-rcp-005--applyruntimecandidateprobeprofileingressrecord	sha256:3f191e1cedfd5910a68d0c7799d2088bd25e9798699704d52c48c4316374dcbf
definition	SD-TRN-RST-001@1	contracts/migration-and-restart.md#sd-trn-rst-001--applyruntimerestarttransition	sha256:1bf09625acc7ebc32acff1ffda16a5090f21680961d2e420212fc504abb02b34
definition	SD-TRN-RST-002@1	contracts/migration-and-restart.md#sd-trn-rst-002--applyactiveworkhandoff	sha256:b672d37c3dc32ad1adaeea6220f5afc381485bfc1868e9fd1c1833f544fbb1cd
definition	SD-TRN-RST-003@1	contracts/migration-and-restart.md#sd-trn-rst-003--applyruntimerestartresolution	sha256:cbb31f22fa118073e7232908d1a93d463abd4ccc9d0beae829d683daaff66d6d
definition	SD-TRN-RST-004@1	contracts/migration-and-restart.md#sd-trn-rst-004--applyactiveworkhandoffresolution	sha256:72561cbe75c0fa7fb3fbfd313b1ac677627cdca36e542a8b52cf6375325a0d98
definition	SD-TRN-SBR-001@1	contracts/runtime-binding.md#sd-trn-sbr-001--applysbertruntimetransition	sha256:b3ad7513e160c65f4354b510121abedbbc2aa69f6fc52a53e198f5ef2690db9a
definition	SD-TRN-SRC-001@1	contracts/runtime-binding.md#sd-trn-src-001--applysourceruntimetransition	sha256:601d0675dfd285e7fb9283e925f5abd5139166945e85ac8e3f47b5c80a0cba0a
definition	SD-TRN-STT-001@1	contracts/runtime-binding.md#sd-trn-stt-001--applysttruntimetransition	sha256:dd92c7d32e1805f6aec2162ce24ba664aefa2204e5ef5de31df1533ff6ac87ad
definition	SD-TRN-TTS-001@1	contracts/runtime-binding.md#sd-trn-tts-001--applyttsruntimetransition	sha256:79b2a5f6e17e1120185a0cd255fa1264bfce3adb100e575e55e78ef90c2b4e20
definition	SD-TRN-WAK-001@1	contracts/runtime-binding.md#sd-trn-wak-001--applywakeruntimetransition	sha256:e99b6e769f68d6048a1ff26bbb1db7bf19cf122009ea0a8c599d1ed01facee5f
